Timestamp;Latitude;Longitude;Bearing;Altitude;Speed (km/h);Location accuracy (in meters);Value X;Value Y;Value Z
2020-03-04 18:45:49;62.24387758;25.75767496;0.0;116.0;0.0;9.0;0.0;0.0;0.0
2020-03-04 18:45:49;62.24387758;25.75767496;0.0;116.0;0.0;9.0;-1.0247183;4.1276035;8.552089
2020-03-04 18:45:50;62.24387758;25.75767496;0.0;116.0;0.0;9.0;-0.7757214;3.8786068;8.66701
2020-03-04 18:45:50;62.24387758;25.75767496;0.0;116.0;0.0;9.0;-0.5746084;3.7924154;8.66701
2020-03-04 18:45:51;62.24387758;25.75767496;0.0;116.0;0.0;9.0;-0.2873042;3.667917;9.011775
2020-03-04 18:45:51;62.24387758;25.75767496;0.0;116.0;0.0;9.0;-0.05746084;3.821146;8.801085
2020-03-04 18:45:52;62.24387758;25.75767496;0.0;116.0;0.0;9.0;-0.038307227;3.5625722;8.734048
2020-03-04 18:45:52;62.24386858;25.75766273;0.0;112.0;0.0;16.0;0.038307227;3.667917;8.90643
2020-03-04 18:45:53;62.24386858;25.75766273;0.0;112.0;0.0;16.0;2.2984335;2.5761611;8.1881695
2020-03-04 18:45:53;62.24386858;25.75766273;0.0;112.0;0.0;16.0;1.7142484;2.777274;9.653421
2020-03-04 18:45:54;62.24386858;25.75766273;0.0;112.0;0.0;16.0;9.490616;-2.1068976;6.703765
2020-03-04 18:45:54;62.24386361;25.75788117;23.1;115.0;1.1275194;7.0;6.789956;0.47884035;11.903971
2020-03-04 18:45:55;62.24386361;25.75788117;23.1;115.0;1.1275194;7.0;3.9935284;-1.6759412;5.9759274
2020-03-04 18:45:56;62.24387605;25.75791522;23.1;115.0;1.121606;9.0;10.697293;-11.836933;8.791509
2020-03-04 18:45:58;62.24390475;25.75801113;23.1;117.0;1.1526058;8.0;2.2984335;-4.2425256;0.12449849
2020-03-04 18:46:05;62.24391149;25.75802778;23.1;117.0;1.1452947;9.0;-0.58418524;-2.4420857;-0.095768064
2020-03-04 18:46:05;62.24391149;25.75802778;23.1;117.0;1.1452947;9.0;2.27928;-8.1881695;-0.5554548
2020-03-04 18:46:06;62.24395481;25.75825256;87.8;109.0;1.6025293;9.0;1.6472107;-9.720459;-0.58418524
2020-03-04 18:46:06;62.24395481;25.75825256;87.8;109.0;1.6025293;9.0;0.38307226;-7.603985;-1.3694834
2020-03-04 18:46:07;62.24395525;25.75828328;87.9;109.0;1.5953057;9.0;0.02873042;-11.415554;-4.9224787
2020-03-04 18:46:09;62.2439666;25.75833428;81.8;104.0;1.4222517;7.0;0.2777274;-17.650055;0.1436521
2020-03-04 18:46:11;62.24396926;25.75838318;82.5;102.0;1.3146863;8.0;0.5650316;-7.8529816;-2.432509
2020-03-04 18:46:13;62.24399894;25.7583587;63.4;103.0;1.0965856;5.0;5.899313;-16.577452;-2.135628
2020-03-04 18:46:20;62.24400327;25.75837751;63.5;103.0;1.0929319;6.0;-3.0262709;-8.542512;13.656527
2020-03-04 18:46:22;62.24408681;25.7585796;43.5;95.0;1.3503333;8.0;-4.4819455;-4.596867;2.9592333
2020-03-04 18:46:23;62.2440955;25.75859756;43.6;95.0;1.3501482;9.0;-4.9224787;-3.5913026;2.327164
2020-03-04 18:46:24;62.2440955;25.75859756;43.6;95.0;1.3501482;9.0;2.0015526;-8.025364;-1.0247183
2020-03-04 18:46:24;62.2440955;25.75859756;43.6;95.0;1.3501482;9.0;-1.5705963;-5.094861;4.271256
2020-03-04 18:46:25;62.2440955;25.75859756;43.6;95.0;1.3501482;9.0;1.4748282;-10.965444;-0.842759
2020-03-04 18:46:25;62.24411531;25.75868122;54.8;97.0;1.1501739;13.0;-1.4269443;-4.462792;5.085284
2020-03-04 18:46:26;62.24411531;25.75868122;54.8;97.0;1.1501739;13.0;1.4939818;-7.2113357;0.9864111
2020-03-04 18:46:26;62.24411531;25.75868122;54.8;97.0;1.1501739;13.0;-0.019153614;-3.0071173;-1.1971009
2020-03-04 18:46:27;62.24411531;25.75868122;54.8;97.0;1.1501739;13.0;0.89064306;-6.8761473;-2.3558946
2020-03-04 18:46:27;62.24414011;25.75875623;47.4;95.0;1.53;13.0;0.46926352;-12.4785795;0.7565677
2020-03-04 18:46:28;62.24414011;25.75875623;47.4;95.0;1.53;13.0;2.4229321;-14.958972;-0.7757214
2020-03-04 18:46:28;62.24414011;25.75875623;47.4;95.0;1.53;13.0;0.8810662;-10.783484;2.0207062
2020-03-04 18:46:29;62.2441575;25.75880949;54.0;95.0;1.320606;8.0;1.8004397;-15.255854;-1.5993267
2020-03-04 18:46:29;62.2441575;25.75880949;54.0;95.0;1.320606;8.0;-0.7757214;-13.311762;-8.236053
2020-03-04 18:46:30;62.24416449;25.75883017;54.0;95.0;1.3201516;8.0;-1.1683705;-32.14934;-5.602432
2020-03-04 18:46:30;62.24416449;25.75883017;54.0;95.0;1.3201516;8.0;0.6991069;-14.355634;3.3997664
2020-03-04 18:46:31;62.24417148;25.75885085;54.0;95.0;1.320038;8.0;-4.0892963;-11.779472;11.990162
2020-03-04 18:46:31;62.24417148;25.75885085;54.0;95.0;1.320038;8.0;2.231396;-11.099519;-0.45968673
2020-03-04 18:46:32;62.24417148;25.75885085;54.0;95.0;1.320038;8.0;-1.2354081;-2.3654714;0.94810385
2020-03-04 18:46:32;62.24417148;25.75885085;54.0;95.0;1.320038;8.0;-0.009576807;-5.995081;-2.183512
2020-03-04 18:46:33;62.24423872;25.75883924;53.7;102.0;1.4063072;6.0;0.7757214;-4.453215;-3.217807
2020-03-04 18:46:35;62.24423863;25.75888913;53.8;101.0;1.317953;7.0;1.0726024;-13.618219;0.35434186
2020-03-04 18:46:42;62.24423844;25.75891401;53.8;100.0;1.3069812;9.0;-1.2641385;-15.303738;-1.3790601
2020-03-04 18:46:44;62.24430441;25.7588892;70.4;94.0;1.3086252;8.0;1.1013328;-7.4124484;-1.1204864
2020-03-04 18:46:46;62.24431197;25.7589366;70.7;94.0;1.3018832;9.0;-3.6583402;-1.3694834;5.1235914
2020-03-04 18:46:48;62.24431676;25.75901815;52.3;95.0;1.03;9.0;0.4309563;-6.742072;-1.6663644
2020-03-04 18:46:50;62.24431676;25.75901815;52.3;95.0;1.03;9.0;-3.7732618;-7.374141;6.7324953
2020-03-04 18:46:57;62.24432968;25.75909149;53.7;100.0;0.97;8.0;0.02873042;-3.2082303;-2.5570073
2020-03-04 18:46:59;62.24442363;25.75920007;52.2;97.0;1.3086252;8.0;-5.9759274;-9.193734;12.0093155
2020-03-04 18:47:04;62.24443788;25.7592398;52.3;97.0;1.3018832;9.0;-1.7429788;-13.388376;-0.9672575
2020-03-04 18:47:05;62.24443788;25.7592398;52.3;97.0;1.3018832;9.0;-0.7086837;-12.660539;-0.41180268
2020-03-04 18:47:07;62.24453551;25.75907651;327.2;162.0;1.322422;12.0;-5.161899;1.3790601;-5.2385135
2020-03-04 18:47:09;62.24453951;25.75900562;322.2;152.0;1.3500371;12.0;-0.4309563;-4.10845;-0.10534488
2020-03-04 18:47:11;62.24455232;25.75894494;3.4;135.0;1.27;6.0;8.015787;-14.748282;0.5363012
2020-03-04 18:47:18;62.24456378;25.7589464;3.4;133.0;1.27;7.0;1.7621324;-7.1826053;-1.0151415
2020-03-04 18:47:20;62.24466124;25.75895513;319.8;129.0;0.9613012;9.0;0.61291564;-7.479486;1.3790601
2020-03-04 18:47:21;62.24466124;25.75895513;319.8;129.0;0.9613012;9.0;-0.019153614;-11.204864;4.76925
2020-03-04 18:47:23;62.24460938;25.75901673;172.5;120.0;0.829759;10.0;2.834735;-3.1890767;0.5267244
2020-03-04 18:47:25;62.24463269;25.75889977;308.5;123.0;0.8800568;9.0;-8.350976;9.174581;7.4603324
2020-03-04 18:47:25;62.24463269;25.75889977;308.5;123.0;0.8800568;9.0;-3.4476504;1.7142484;13.177686
2020-03-04 18:47:26;62.24463269;25.75889977;308.5;123.0;0.8800568;9.0;-1.4939818;4.951209;11.434708
2020-03-04 18:47:26;62.24465111;25.75880313;287.1;126.0;1.2519585;10.0;-1.0630256;4.7979803;8.829816
2020-03-04 18:47:27;62.24465111;25.75880313;287.1;126.0;1.2519585;10.0;-0.37349546;2.3463178;5.6407394
2020-03-04 18:47:27;62.24465111;25.75880313;287.1;126.0;1.2519585;10.0;-0.5554548;2.5187001;6.4739213
2020-03-04 18:47:28;62.24465111;25.75880313;287.1;126.0;1.2519585;10.0;-0.9768343;1.292869;16.089035
2020-03-04 18:47:28;62.24468669;25.75873573;309.1;123.0;1.4169333;8.0;-0.2873042;1.0821792;10.505757
2020-03-04 18:47:29;62.24468669;25.75873573;309.1;123.0;1.4169333;8.0;-0.78529817;2.2409728;16.730682
2020-03-04 18:47:29;62.24469466;25.75871452;309.0;123.0;1.4128695;9.0;2.1164744;5.8801594;12.354081
2020-03-04 18:47:30;62.24469466;25.75871452;309.0;123.0;1.4128695;9.0;4.7309427;5.046977;9.892841
2020-03-04 18:47:30;62.24469466;25.75871452;309.0;123.0;1.4128695;9.0;7.3549876;3.016694;4.5872903
2020-03-04 18:47:31;62.24469466;25.75871452;309.0;123.0;1.4128695;9.0;8.599973;2.3175871;3.2944214
2020-03-04 18:47:31;62.24470271;25.7586776;290.3;123.0;1.2332072;7.0;4.0222588;0.39264908;2.8634653
2020-03-04 18:47:32;62.24470271;25.7586776;290.3;123.0;1.2332072;7.0;13.129802;1.1875241;6.7612257
2020-03-04 18:47:32;62.24470657;25.75865559;290.4;124.0;1.2258874;9.0;2.5570073;0.49799395;3.514688
2020-03-04 18:47:33;62.24470657;25.75865559;290.4;124.0;1.2258874;9.0;4.5298295;-3.3039982;7.0102224
2020-03-04 18:47:33;62.24470657;25.75865559;290.4;124.0;1.2258874;9.0;1.3694834;-6.742072;2.6240451
2020-03-04 18:47:34;62.24470657;25.75865559;290.4;124.0;1.2258874;9.0;15.016433;-2.2122424;3.016694
2020-03-04 18:47:34;62.24474488;25.75862742;314.0;122.0;1.2826535;6.0;12.497733;-1.1013328;-3.6870706
2020-03-04 18:47:35;62.24475281;25.75860993;314.1;123.0;1.2688972;7.0;17.209522;-6.157887;-0.45968673
2020-03-04 18:47:35;62.24475281;25.75860993;314.1;123.0;1.2688972;7.0;8.810662;-7.4986396;1.2066777
2020-03-04 18:47:36;62.24475281;25.75860993;314.1;123.0;1.2688972;7.0;2.3942018;-2.4516625;0.24899697
2020-03-04 18:47:36;62.24475281;25.75860993;314.1;123.0;1.2688972;7.0;5.755661;-3.122039;2.183512
2020-03-04 18:47:37;62.24478592;25.75857032;347.4;123.0;1.401285;5.0;0.48841715;-2.1260512;0.8714894
2020-03-04 18:47:37;62.24478592;25.75857032;347.4;123.0;1.401285;5.0;2.087744;-6.157887;-0.12449849
2020-03-04 18:47:38;62.24479821;25.7585644;347.4;123.0;1.4005713;6.0;2.2218192;-3.5338416;-2.882619
2020-03-04 18:47:38;62.24479821;25.7585644;347.4;123.0;1.4005713;6.0;4.2425256;-7.393295;1.7525556
2020-03-04 18:47:39;62.24481048;25.75855847;347.3;123.0;1.4001428;8.0;2.6431987;-12.401965;-6.1770406
2020-03-04 18:47:39;62.24481048;25.75855847;347.3;123.0;1.4001428;8.0;6.9719152;-26.020184;5.899313
2020-03-04 18:47:40;62.24481048;25.75855847;347.3;123.0;1.4001428;8.0;3.323152;-13.857639;1.2545617
2020-03-04 18:47:42;62.24486961;25.75854255;11.8;124.0;1.57;8.0;3.3997664;-8.255207;-0.9672575
2020-03-04 18:47:44;62.24490095;25.75863368;45.7;125.0;1.2747549;8.0;2.4516625;-7.192182;0.7469909
2020-03-04 18:47:46;62.2449163;25.75869384;54.1;127.0;1.19;8.0;-0.047884032;-5.401319;6.081272
2020-03-04 18:47:48;62.24495421;25.75874283;52.6;134.0;1.1506954;8.0;1.2162545;-5.0374002;1.7238252
2020-03-04 18:47:55;62.24496053;25.75876055;52.6;134.0;1.1501739;9.0;0.78529817;-6.6654577;-0.8523358
2020-03-04 18:47:57;62.24496053;25.75876055;52.6;134.0;1.1501739;9.0;1.091756;-8.178593;-0.6991069
2020-03-04 18:47:59;62.2450592;25.75904825;45.9;133.0;1.5001334;16.0;4.548983;-12.74673;0.34476504
2020-03-04 18:48:01;62.24509681;25.75908668;40.7;131.0;1.380326;14.0;1.6950948;-6.5026517;1.0630256
2020-03-04 18:48:03;62.24511489;25.75909449;25.1;128.0;0.58;12.0;-0.641646;-14.355634;11.147403
2020-03-04 18:48:05;62.24514935;25.75909929;43.0;123.0;1.042353;10.0;-2.231396;-13.148955;-1.0247183
2020-03-04 18:48:07;62.24517471;25.75912019;61.7;121.0;1.0001999;9.0;-0.34476504;-7.5561004;-4.31914
2020-03-04 18:48:09;62.24519057;25.75916606;49.2;118.0;1.08;9.0;1.8770541;-7.728483;2.384625
2020-03-04 18:48:11;62.24519945;25.7592255;52.1;117.0;1.2903488;8.0;2.2026656;-12.593501;-2.231396
2020-03-04 18:48:13;62.24520657;25.75924515;52.1;117.0;1.2901549;9.0;-0.2873042;-2.1260512;-0.90979666
2020-03-04 18:48:15;62.24522139;25.75932875;40.2;112.0;1.1403947;9.0;-2.1739352;-13.177686;1.1683705
2020-03-04 18:48:17;62.24521971;25.75933117;40.4;109.0;1.2703543;7.0;0.6703765;-5.6982;-1.4748282
2020-03-04 18:48:24;62.24522841;25.75934699;40.4;109.0;1.2701575;9.0;-1.8291701;-14.269443;11.252748
2020-03-04 18:48:26;62.24522841;25.75934699;40.4;109.0;1.2701575;9.0;0.23942018;-5.8801594;-0.62249243
2020-03-04 18:48:28;62.24528681;25.75965539;128.0;118.0;1.3618003;7.0;2.5091233;-12.5264635;-0.30645782
2020-03-04 18:48:30;62.24527928;25.75967601;128.0;118.0;1.3605882;8.0;5.6790466;-16.539145;-0.37349546
2020-03-04 18:48:32;62.2452601;25.75975903;137.8;116.0;1.29031;6.0;0.7086837;-7.4124484;-1.6184803
2020-03-04 18:48:37;62.24525176;25.75977503;137.8;115.0;1.2709838;7.0;-5.717354;-16.357185;7.6710224
2020-03-04 18:48:37;62.24525176;25.75977503;137.8;115.0;1.2709838;7.0;1.13964;-10.055647;-0.18195933
2020-03-04 18:48:38;62.24525176;25.75977503;137.8;115.0;1.2709838;7.0;2.8634653;-6.090849;1.7908629
2020-03-04 18:48:38;62.24525176;25.75977503;137.8;115.0;1.2709838;7.0;0.076614454;-19.37388;-1.484405
2020-03-04 18:48:39;62.24525176;25.75977503;137.8;115.0;1.2709838;7.0;-15.05474;2.5378537;-1.8387469
2020-03-04 18:48:39;62.24520845;25.75989056;137.8;111.0;0.75179785;11.0;7.795521;-15.093047;-0.6512229
2020-03-04 18:48:40;62.24520845;25.75989056;137.8;111.0;0.75179785;11.0;-2.3175871;-15.734694;10.965444
2020-03-04 18:48:40;62.24520845;25.75989056;137.8;111.0;0.75179785;11.0;-0.15322891;-8.647857;-0.9672575
2020-03-04 18:48:41;62.24520845;25.75989056;137.8;111.0;0.75179785;11.0;0.40222588;-7.575254;-1.6184803
2020-03-04 18:48:41;62.24518004;25.75996271;153.2;111.0;1.1047624;8.0;1.2449849;-8.197746;0.6991069
2020-03-04 18:48:42;62.24518004;25.75996271;153.2;111.0;1.1047624;8.0;0.32561144;-3.1603463;-1.8962077
2020-03-04 18:48:42;62.24517125;25.75997205;153.4;111.0;1.0965856;9.0;1.1300632;-6.1770406;1.0055647
2020-03-04 18:48:43;62.24517125;25.75997205;153.4;111.0;1.0965856;9.0;-1.2545617;-13.637373;-0.22026655
2020-03-04 18:48:43;62.24517125;25.75997205;153.4;111.0;1.0965856;9.0;2.6048915;-12.871228;1.1971009
2020-03-04 18:48:44;62.24517125;25.75997205;153.4;111.0;1.0965856;9.0;3.620033;-10.726024;-2.0685902
2020-03-04 18:48:44;62.24515323;25.76004765;136.1;112.0;1.3024591;7.0;-4.0892963;2.3942018;2.432509
2020-03-04 18:48:46;62.24513641;25.76008221;136.2;112.0;1.29062;8.0;8.034941;-13.148955;-0.095768064
2020-03-04 18:48:48;62.24513792;25.76008617;135.8;117.0;0.54129475;8.0;3.0454245;-8.743625;0.4213795
2020-03-04 18:48:50;62.2451032;25.76012179;135.5;117.0;0.99297535;7.0;-2.4229321;-4.7788267;7.8912888
2020-03-04 18:48:57;62.24509523;25.76012389;135.5;117.0;0.9392018;8.0;0.78529817;-4.8841715;-1.541866
2020-03-04 18:48:59;62.24504621;25.76030121;141.4;118.0;1.322422;8.0;-0.23942018;-22.112846;3.3327289
2020-03-04 18:49:01;62.24502764;25.76033287;141.5;118.0;1.320606;9.0;-0.33518824;-1.2162545;-1.6376339
2020-03-04 18:49:03;62.24502764;25.76033287;141.5;118.0;1.320606;9.0;1.6663644;-9.414001;-0.4405331
2020-03-04 18:49:10;62.24499548;25.76026331;142.1;116.0;1.1900421;7.0;1.5035586;-7.422025;0.81402856
2020-03-04 18:49:12;62.24491477;25.76056119;143.5;114.0;0.89269257;9.0;1.8100165;-16.22311;-3.7924154
2020-03-04 18:49:14;62.24491477;25.76056119;143.5;114.0;0.89269257;9.0;0.2777274;-8.054094;-0.61291564
2020-03-04 18:49:19;62.24487361;25.76065356;141.6;111.0;1.4800338;8.0;1.2162545;-13.378799;0.16280572
2020-03-04 18:49:21;62.24484763;25.76080809;128.5;117.0;1.6819334;7.0;6.9048777;-15.811308;-0.22026655
2020-03-04 18:49:28;62.2448383;25.76083331;128.5;117.0;1.6750523;8.0;1.532289;-8.293514;1.8866309
2020-03-04 18:49:30;62.24472639;25.76098774;132.5;120.0;1.61;9.0;5.602432;-15.840038;-1.0630256
2020-03-04 18:49:32;62.24469844;25.76098637;138.6;117.0;1.36;6.0;1.9057846;-7.603985;1.8770541
2020-03-04 18:49:39;62.2446628;25.76105582;131.0;119.0;1.5802848;7.0;0.90979666;-7.795521;-0.9576807
2020-03-04 18:49:39;62.2446628;25.76105582;131.0;119.0;1.5802848;7.0;-1.532289;-13.532028;10.304645
2020-03-04 18:49:40;62.24461584;25.76120901;132.2;120.0;1.46;8.0;2.2122424;-15.275007;1.436521
2020-03-04 18:49:40;62.24461584;25.76120901;132.2;120.0;1.46;8.0;-1.5227122;-17.688362;15.437813
2020-03-04 18:49:41;62.24460701;25.76122986;132.2;120.0;1.46;9.0;2.6048915;-10.831368;0.79487497
2020-03-04 18:49:41;62.24460701;25.76122986;132.2;120.0;1.46;9.0;-0.7757214;-2.7964275;1.7525556
2020-03-04 18:49:42;62.24460701;25.76122986;132.2;120.0;1.46;9.0;1.1204864;-7.824251;0.37349546
2020-03-04 18:49:42;62.24460701;25.76122986;132.2;120.0;1.46;9.0;-0.16280572;-2.3942018;-2.2026656
2020-03-04 18:49:43;62.24460195;25.76120101;132.8;118.0;1.4527905;5.0;0.40222588;-8.025364;-1.5801731
2020-03-04 18:49:43;62.24460195;25.76120101;132.8;118.0;1.4527905;5.0;-1.0726024;-14.087482;-0.24899697
2020-03-04 18:49:44;62.24460003;25.76098133;137.7;109.0;1.3885244;5.0;4.606444;-18.521544;-2.3463178
2020-03-04 18:49:44;62.24460003;25.76098133;137.7;109.0;1.3885244;5.0;-0.39264908;-19.211075;-2.7964275
2020-03-04 18:49:45;62.24459116;25.76103286;137.2;110.0;1.242578;4.0;-2.1739352;1.4939818;-5.48751
2020-03-04 18:49:45;62.24459116;25.76103286;137.2;110.0;1.242578;4.0;1.1683705;-11.224017;-0.32561144
2020-03-04 18:49:46;62.2445722;25.76105349;128.4;109.0;1.9;4.0;-2.078167;-16.577452;12.459426
2020-03-04 18:49:46;62.2445722;25.76105349;128.4;109.0;1.9;4.0;1.2162545;-12.038046;2.96881
2020-03-04 18:49:47;62.2445624;25.76107901;129.3;108.0;1.5121177;4.0;-0.50757074;-4.673482;3.6487634
2020-03-04 18:49:48;62.2445624;25.76107901;129.3;108.0;1.5121177;4.0;7.240066;-20.733788;-3.5338416
2020-03-04 18:49:50;62.24453507;25.76115575;142.5;109.0;2.061965;4.0;7.2687964;-15.102624;0.60333884
2020-03-04 18:49:57;62.24450243;25.76134599;119.2;108.0;1.5126797;6.0;0.9959879;-6.8569937;-0.21068975
2020-03-04 18:50:04;62.2445164;25.76131972;135.1;106.0;1.7123668;5.0;-0.62249243;-1.1204864;-2.4420857
2020-03-04 18:50:05;62.24440816;25.76135368;145.6;108.0;1.592608;7.0;1.8579005;-6.4643445;1.043872
2020-03-04 18:50:06;62.24440816;25.76135368;145.6;108.0;1.592608;7.0;1.0055647;-17.458519;-0.4213795
2020-03-04 18:50:06;62.24438737;25.76133247;140.7;107.0;1.2110327;7.0;1.2737153;-6.5026517;2.3080103
2020-03-04 18:50:07;62.24438737;25.76133247;140.7;107.0;1.2110327;7.0;4.9320555;-13.88637;-0.038307227
2020-03-04 18:50:08;62.24436784;25.76148297;147.5;111.0;1.6063935;5.0;-0.5554548;-3.3614593;2.5187001
2020-03-04 18:50:15;62.24427161;25.76168871;169.0;107.0;1.17047;7.0;-1.13964;-13.685257;-1.436521
2020-03-04 18:50:22;62.24426303;25.76171551;169.1;107.0;0.75133216;6.0;6.83784;-21.701044;-2.4037786
2020-03-04 18:50:24;62.24416353;25.76177719;151.9;107.0;1.5715278;7.0;2.078167;-8.858546;1.8770541
2020-03-04 18:50:31;62.24414657;25.7617827;152.4;107.0;1.5600319;7.0;0.9959879;-7.019799;2.2409728
2020-03-04 18:50:33;62.24406337;25.76181611;175.4;106.0;1.4600343;8.0;0.92895025;-7.1730285;-1.685518
2020-03-04 18:50:40;62.24405027;25.76181881;175.4;106.0;1.4600343;9.0;3.083732;-14.346057;-0.39264908
2020-03-04 18:50:41;62.24390444;25.76183203;187.3;105.0;1.44;7.0;-0.019153614;-16.069881;-5.6790466
2020-03-04 18:50:42;62.24390444;25.76183203;187.3;105.0;1.44;7.0;4.644751;-17.209522;-1.9728222
2020-03-04 18:50:42;62.24389161;25.76182851;187.3;105.0;1.44;8.0;1.1779473;-15.26543;-1.8004397
2020-03-04 18:50:43;62.24389161;25.76182851;187.3;105.0;1.44;8.0;0.9864111;-18.86631;4.10845
2020-03-04 18:50:43;62.24387878;25.76182499;187.3;105.0;1.44;9.0;-0.15322891;-12.469003;-7.7667904
2020-03-04 18:50:44;62.24387878;25.76182499;187.3;105.0;1.44;9.0;8.446744;-27.092787;-8.0924015
2020-03-04 18:50:44;62.24387878;25.76182499;187.3;105.0;1.44;9.0;2.3175871;-14.422671;3.8402996
2020-03-04 18:50:45;62.24387878;25.76182499;187.3;105.0;1.44;9.0;-2.432509;-21.815966;18.760965
2020-03-04 18:50:45;62.24387311;25.76183365;197.7;105.0;1.3124404;5.0;0.31603462;-9.653421;0.8714894
2020-03-04 18:50:46;62.24387311;25.76183365;197.7;105.0;1.3124404;5.0;-0.19153613;-2.6910827;0.92895025
2020-03-04 18:50:46;62.24388505;25.76174618;203.6;101.0;1.3337542;4.0;2.2122424;-6.339846;-0.9576807
2020-03-04 18:50:47;62.24388505;25.76174618;203.6;101.0;1.3337542;4.0;0.23942018;-13.311762;-1.9440918
2020-03-04 18:50:47;62.24388104;25.76172175;202.4;100.0;1.4405555;4.0;0.18195933;-6.8761473;-2.2122424
2020-03-04 18:50:48;62.24388104;25.76172175;202.4;100.0;1.4405555;4.0;1.8483237;-15.303738;-2.135628
2020-03-04 18:50:48;62.24386169;25.76171278;197.8;100.0;1.928419;4.0;4.414908;-19.756952;-2.2697031
2020-03-04 18:50:49;62.24386169;25.76171278;197.8;100.0;1.928419;4.0;-0.7469909;-11.81778;-9.873688
2020-03-04 18:50:49;62.24384999;25.76168431;198.2;100.0;1.5749604;4.0;4.817134;-42.635944;3.9552212
2020-03-04 18:50:50;62.24384999;25.76168431;198.2;100.0;1.5749604;4.0;2.5953147;-14.834474;4.1180267
2020-03-04 18:50:50;62.24384245;25.76168203;198.2;101.0;1.42088;4.0;-5.592855;-25.119965;17.046717
2020-03-04 18:50:52;62.24382138;25.76163689;203.0;101.0;2.1674871;3.0;0.7469909;-13.129802;1.9057846
2020-03-04 18:50:59;62.24370216;25.76151093;199.4;104.0;1.5925452;5.0;1.532289;-5.439626;0.50757074
2020-03-04 18:51:06;62.24365729;25.76147699;220.1;104.0;1.5890248;6.0;1.8770541;-7.469909;-0.24899697
2020-03-04 18:51:13;62.24355607;25.76134691;212.9;98.0;1.647574;6.0;-2.4612393;-14.049175;-3.0071173
2020-03-04 18:51:20;62.2435236;25.76120871;213.2;104.0;0.8736704;7.0;5.353435;-11.702858;-0.7374141
2020-03-04 18:51:27;62.24338915;25.76120566;205.8;105.0;2.394097;9.0;-5.353435;-17.027563;14.748282
2020-03-04 18:51:29;62.24331502;25.76125986;207.1;107.0;1.6208639;8.0;0.06703765;-6.301539;-2.7389667
2020-03-04 18:51:36;62.24329781;25.76126359;235.3;108.0;1.1011358;8.0;-3.265691;-23.874979;11.415554
2020-03-04 18:51:38;62.24318992;25.76118972;204.9;104.0;1.5602883;7.0;0.4405331;-5.851429;1.8100165
2020-03-04 18:51:45;62.2431772;25.76117702;205.0;104.0;1.5601281;8.0;1.1683705;-2.3750482;-7.2304893
2020-03-04 18:51:45;62.2431772;25.76117702;205.0;104.0;1.5601281;8.0;-3.2848446;-6.2249246;9.768343
2020-03-04 18:51:46;62.2431772;25.76117702;205.0;104.0;1.5601281;8.0;-0.047884032;-7.6231384;1.283292
2020-03-04 18:51:46;62.2431772;25.76117702;205.0;104.0;1.5601281;8.0;-1.7429788;-2.96881;0.9576807
2020-03-04 18:51:47;62.24306212;25.76127199;190.0;102.0;1.4317821;8.0;1.934515;-7.5561004;-0.63206923
2020-03-04 18:51:47;62.24306212;25.76127199;190.0;102.0;1.4317821;8.0;0.1436521;-1.292869;-3.4284968
2020-03-04 18:51:48;62.24304972;25.76126726;190.0;102.0;1.412834;9.0;0.92895025;-7.2304893;-2.2888567
2020-03-04 18:51:48;62.24304972;25.76126726;190.0;102.0;1.412834;9.0;0.076614454;-12.459426;-1.1109096
2020-03-04 18:51:49;62.24304972;25.76126726;190.0;102.0;1.412834;9.0;4.3382936;-12.823344;-0.7661445
2020-03-04 18:51:49;62.24304972;25.76126726;190.0;102.0;1.412834;9.0;-1.4748282;-11.348516;-7.3645644
2020-03-04 18:51:50;62.24303743;25.76121305;166.1;103.0;1.5931416;6.0;-4.4436383;-45.67179;2.1643584
2020-03-04 18:51:50;62.24303743;25.76121305;166.1;103.0;1.5931416;6.0;-2.2218192;-11.9614315;1.2737153
2020-03-04 18:51:51;62.24302072;25.76123401;153.1;104.0;1.9406443;5.0;-2.8634653;-16.749836;14.106636
2020-03-04 18:51:51;62.24302072;25.76123401;153.1;104.0;1.9406443;5.0;-1.7717092;-10.5919485;1.0534488
2020-03-04 18:51:52;62.24300748;25.76123762;154.5;102.0;1.6573774;4.0;-1.2066777;-2.1547816;2.2409728
2020-03-04 18:51:52;62.24300748;25.76123762;154.5;102.0;1.6573774;4.0;1.6280571;-6.3685765;-1.8579005
2020-03-04 18:51:53;62.24298702;25.76124792;154.6;101.0;1.4921461;4.0;-1.2162545;-0.11492168;-2.087744
2020-03-04 18:51:54;62.24297685;25.76127038;150.5;102.0;1.7670598;4.0;-5.851429;2.5953147;-4.721366
2020-03-04 18:51:56;62.2429455;25.76132046;159.9;102.0;2.1128652;4.0;-0.30645782;-13.733141;1.3599066
2020-03-04 18:52:03;62.24294427;25.76145758;24.5;108.0;1.7439324;8.0;2.087744;-7.029376;-0.8331822
2020-03-04 18:52:10;62.24295222;25.76150954;24.8;110.0;1.0636728;6.0;-1.7621324;-12.899959;0.63206923
2020-03-04 18:52:12;62.24284709;25.76162627;170.1;119.0;1.28082;10.0;-1.1300632;-2.6719291;0.21068975
2020-03-04 18:52:14;62.24279664;25.76169641;169.9;120.0;1.2061924;8.0;-0.08619126;-18.665197;-1.8483237
2020-03-04 18:52:16;62.24274799;25.76171591;166.9;118.0;1.5516765;6.0;-0.45968673;-10.055647;3.371036
2020-03-04 18:52:23;62.24273446;25.76172247;167.0;117.0;1.5454773;7.0;-0.7374141;-5.90889;2.1643584
2020-03-04 18:52:25;62.24258278;25.7617878;154.3;120.0;1.2887591;8.0;3.2465374;-12.152967;-3.7445314
2020-03-04 18:52:27;62.2425724;25.76179836;154.4;120.0;1.2839003;9.0;0.80445176;-7.795521;-1.3982137
2020-03-04 18:52:29;62.24254937;25.76178939;160.6;120.0;1.263962;8.0;7.2209125;-19.900604;-2.528277
2020-03-04 18:52:31;62.24249595;25.7617817;156.8;120.0;1.4412841;8.0;-1.484405;-3.7349546;3.620033
2020-03-04 18:52:33;62.24247353;25.76174682;164.6;118.0;1.4017489;7.0;-0.12449849;-15.20797;-0.45010993
2020-03-04 18:52:33;62.24247353;25.76174682;164.6;118.0;1.4017489;7.0;-2.336741;-5.4204726;8.63828
2020-03-04 18:52:34;62.24246136;25.76175396;164.6;118.0;1.4008926;7.0;1.7908629;-10.936713;1.1109096
2020-03-04 18:52:34;62.24246136;25.76175396;164.6;118.0;1.4008926;7.0;-0.02873042;-1.4748282;-2.5474305
2020-03-04 18:52:35;62.24244921;25.76176101;164.6;118.0;1.4005713;9.0;0.62249243;-7.2209125;-0.16280572
2020-03-04 18:52:37;62.2424247;25.76173014;182.4;116.0;1.3300377;6.0;2.7581203;-11.15698;-0.51714754
2020-03-04 18:52:39;62.24240074;25.76172791;182.4;116.0;1.3300377;7.0;-5.717354;-5.9567738;3.6391866
2020-03-04 18:52:45;62.24238877;25.76172679;182.5;116.0;1.33;9.0;-0.11492168;-2.3942018;-2.8060043
2020-03-04 18:52:46;62.24238877;25.76172679;182.5;116.0;1.33;9.0;1.9536686;-7.9008656;0.23942018
2020-03-04 18:52:46;62.24238877;25.76172679;182.5;116.0;1.33;9.0;0.4213795;-17.918205;-1.3311762
2020-03-04 18:52:47;62.24227111;25.76169789;191.9;105.0;1.3;8.0;2.030283;-8.082825;1.7238252
2020-03-04 18:52:48;62.24227111;25.76169789;191.9;105.0;1.3;8.0;3.964798;-14.489709;0.076614454
2020-03-04 18:52:48;62.24225962;25.76169267;191.9;106.0;1.3;9.0;-0.62249243;-24.938005;1.5131354
2020-03-04 18:52:49;62.24225962;25.76169267;191.9;106.0;1.3;9.0;2.6144683;-10.572795;-5.995081
2020-03-04 18:52:49;62.24225962;25.76169267;191.9;106.0;1.3;9.0;4.185065;-2.432509;-11.84651
2020-03-04 18:52:50;62.24225962;25.76169267;191.9;106.0;1.3;9.0;1.7429788;-15.064317;-0.8331822
2020-03-04 18:52:50;62.24222958;25.7617087;188.6;108.0;1.4503103;7.0;-3.0071173;-7.1155677;4.596867
2020-03-04 18:52:51;62.24222958;25.7617087;188.6;108.0;1.4503103;7.0;2.9017725;-11.731588;0.37349546
2020-03-04 18:52:51;62.24221668;25.76170446;188.6;109.0;1.450138;7.0;-0.49799395;-4.1180267;2.3942018
2020-03-04 18:52:52;62.24221668;25.76170446;188.6;109.0;1.450138;7.0;1.4556746;-7.479486;0.21068975
2020-03-04 18:52:52;62.24220379;25.76170019;188.7;109.0;1.4500345;8.0;-0.009576807;-3.9552212;-3.5338416
2020-03-04 18:52:53;62.24220379;25.76170019;188.7;109.0;1.4500345;8.0;2.8060043;-14.326903;1.091756
2020-03-04 18:52:53;62.2421909;25.76169592;188.7;109.0;1.4500345;9.0;-2.1068976;-15.370775;-0.7278373
2020-03-04 18:52:54;62.2421909;25.76169592;188.7;109.0;1.4500345;9.0;5.889736;-21.241358;-3.5051112
2020-03-04 18:52:54;62.2421909;25.76169592;188.7;109.0;1.4500345;9.0;-0.6991069;-9.873688;-1.2258313
2020-03-04 18:52:55;62.2421909;25.76169592;188.7;109.0;1.4500345;9.0;-1.1971009;-25.129541;15.629349
2020-03-04 18:52:55;62.24219103;25.76166211;187.9;107.0;1.5925452;6.0;2.8443117;-13.599066;0.24899697
2020-03-04 18:52:56;62.24219103;25.76166211;187.9;107.0;1.5925452;6.0;-4.414908;-16.97968;14.518439
2020-03-04 18:52:56;62.24217688;25.76165806;187.8;107.0;1.5911317;6.0;2.3558946;-8.858546;0.7565677
2020-03-04 18:52:57;62.24216274;25.76165417;187.7;107.0;1.5805063;7.0;-0.1436521;-11.693281;0.641646
2020-03-04 18:52:59;62.2421486;25.76165031;187.6;108.0;1.5802848;8.0;-4.807557;-11.070788;13.790602
2020-03-04 18:53:01;62.24215106;25.76161487;187.6;105.0;1.2303658;9.0;-1.934515;-13.158532;0.17238252
2020-03-04 18:53:03;62.24212207;25.76157687;202.2;106.0;1.5826876;7.0;-1.2641385;-16.318878;-6.081272
2020-03-04 18:53:10;62.24210901;25.76156525;202.3;105.0;1.5762297;8.0;1.9919758;-8.944737;0.5650316
2020-03-04 18:53:10;62.24210901;25.76156525;202.3;105.0;1.5762297;8.0;2.2409728;-28.174965;5.449203
2020-03-04 18:53:11;62.24201033;25.76160573;177.7;103.0;1.4408678;6.0;-4.9224787;-11.87524;-3.4093432
2020-03-04 18:53:11;62.24201033;25.76160573;177.7;103.0;1.4408678;6.0;-2.7964275;-7.422025;11.003751
2020-03-04 18:53:12;62.2419828;25.76156911;189.5;99.0;1.9872845;5.0;2.7868507;-12.0093155;0.18195933
2020-03-04 18:53:12;62.2419828;25.76156911;189.5;99.0;1.9872845;5.0;0.02873042;-0.8619126;-2.432509
2020-03-04 18:53:13;62.24199137;25.76155503;197.0;99.0;1.4221463;5.0;2.2697031;-7.575254;-0.17238252
2020-03-04 18:53:13;62.24199137;25.76155503;197.0;99.0;1.4221463;5.0;1.8483237;-9.404425;-0.40222588
2020-03-04 18:53:14;62.24198129;25.76156264;196.3;99.0;1.03;5.0;-0.19153613;-6.885724;-0.9576807
2020-03-04 18:53:14;62.24198129;25.76156264;196.3;99.0;1.03;5.0;-1.982399;-12.737153;-5.391742
2020-03-04 18:53:16;62.24195282;25.76160792;170.2;101.0;1.0751743;5.0;-3.1411927;-12.823344;13.2351465
2020-03-04 18:53:23;62.24194053;25.76160391;170.4;101.0;1.1;6.0;-1.982399;-3.8498764;2.2601264
2020-03-04 18:53:25;62.24187573;25.76158479;200.0;98.0;1.5705096;9.0;1.6759412;-7.536947;1.4748282
2020-03-04 18:53:26;62.24184821;25.76156872;186.3;98.0;1.3453624;10.0;-6.2632318;1.9632454;1.3599066
2020-03-04 18:53:28;62.24181891;25.76159499;166.7;97.0;1.3395895;8.0;-0.8714894;-8.178593;6.4260373
2020-03-04 18:53:30;62.24180728;25.76160073;166.8;97.0;1.3337542;9.0;-0.1340753;-4.1946416;-2.882619
2020-03-04 18:53:32;62.24175709;25.76162545;168.0;96.0;1.5001334;7.0;7.2304893;-14.259866;0.46926352
2020-03-04 18:53:39;62.24174385;25.76163141;168.0;96.0;1.5001334;9.0;0.7757214;-6.0046577;0.92895025
2020-03-04 18:53:41;62.24174385;25.76163141;168.0;96.0;1.5001334;9.0;-0.095768064;-14.192827;-5.6120086
2020-03-04 18:53:43;62.24145311;25.76202367;133.2;94.0;2.84044;20.0;1.8866309;-7.699753;1.3120226
2020-03-04 18:53:43;62.24145311;25.76202367;133.2;94.0;2.84044;20.0;0.63206923;-3.1124623;-2.834735
2020-03-04 18:53:44;62.24145311;25.76202367;133.2;94.0;2.84044;20.0;4.1276035;-21.327549;-2.566584
2020-03-04 18:53:44;62.24145311;25.76202367;133.2;94.0;2.84044;20.0;0.5267244;-17.027563;-1.3694834
2020-03-04 18:53:46;62.24145311;25.76202367;133.2;94.0;2.84044;20.0;-1.3790601;-2.4899697;0.15322891
2020-03-04 18:53:48;62.24136972;25.76216268;152.3;92.0;2.3403418;23.0;-4.2999864;-15.160085;11.702858
2020-03-04 18:53:50;62.24130911;25.76218908;164.3;94.0;2.04;30.0;-0.1436521;-2.72939;-2.231396
2020-03-04 18:53:50;62.24130911;25.76218908;164.3;94.0;2.04;30.0;-5.439626;-7.9104424;8.379706
2020-03-04 18:53:51;62.24130911;25.76218908;164.3;94.0;2.04;30.0;8.025364;-14.595054;-0.8331822
2020-03-04 18:53:51;62.24130911;25.76218908;164.3;94.0;2.04;30.0;-2.3558946;-8.7053175;13.206416
2020-03-04 18:53:52;62.24130911;25.76218908;164.3;94.0;2.04;30.0;-0.9864111;-13.292608;2.327164
2020-03-04 18:53:52;62.24130911;25.76218908;164.3;94.0;2.04;30.0;-4.7979803;-14.642938;12.957419
2020-03-04 18:53:53;62.24130085;25.76206667;187.0;93.0;1.49;27.0;-0.22984336;-12.928689;3.3614593
2020-03-04 18:53:53;62.24130085;25.76206667;187.0;93.0;1.49;27.0;-1.0151415;-1.0534488;1.685518
2020-03-04 18:53:54;62.24130085;25.76206667;187.0;93.0;1.49;27.0;1.1109096;-7.144298;0.18195933
2020-03-04 18:53:54;62.24130085;25.76206667;187.0;93.0;1.49;27.0;-0.038307227;-3.0933087;-3.0071173
2020-03-04 18:53:55;62.24130085;25.76206667;187.0;93.0;1.49;27.0;-0.5746084;-7.1634517;-2.135628
2020-03-04 18:53:55;62.24130085;25.76206667;187.0;93.0;1.49;27.0;2.4995465;-15.591042;-6.6367273
2020-03-04 18:53:56;62.24130085;25.76206667;187.0;93.0;1.49;27.0;3.9360676;-12.756307;-0.49799395
2020-03-04 18:53:56;62.24130085;25.76206667;187.0;93.0;1.49;27.0;0.19153613;-17.745823;-5.5162406
2020-03-04 18:53:57;62.24123852;25.76205272;185.3;90.0;1.47;31.0;1.2162545;-13.88637;-10.764331
2020-03-04 18:53:58;62.24123852;25.76205272;185.3;90.0;1.47;31.0;4.903325;-13.484144;-2.3654714
2020-03-04 18:53:58;62.24123852;25.76205272;185.3;90.0;1.47;31.0;-2.0207062;-15.868769;14.681245
2020-03-04 18:53:59;62.24123852;25.76205272;185.3;90.0;1.47;31.0;0.11492168;-10.67814;-0.009576807
2020-03-04 18:53:59;62.24123852;25.76205272;185.3;90.0;1.47;31.0;-0.46926352;-2.825158;1.1779473
2020-03-04 18:54:00;62.24123852;25.76205272;185.3;90.0;1.47;31.0;1.6663644;-7.422025;-0.23942018
2020-03-04 18:54:01;62.24118484;25.76205809;187.8;89.0;1.3500371;27.0;-0.45010993;-10.726024;-5.5162406
2020-03-04 18:54:03;62.2411637;25.7620129;203.6;91.0;1.4159802;21.0;1.6950948;-8.350976;-0.33518824
2020-03-04 18:54:05;62.2411637;25.7620129;203.6;91.0;1.4159802;21.0;1.1875241;-7.785944;0.80445176
2020-03-04 18:54:07;62.2411231;25.76190739;217.3;92.0;1.4505517;32.0;3.323152;-14.068329;0.9576807
2020-03-04 18:54:09;62.2411231;25.76190739;217.3;92.0;1.4505517;32.0;-0.91937345;-4.367024;3.0262709
2020-03-04 18:54:10;62.24107823;25.76186727;185.3;93.0;1.020049;27.0;1.1779473;-18.684351;-5.439626
2020-03-04 18:54:11;62.24107823;25.76186727;185.3;93.0;1.020049;27.0;-0.94810385;-14.298173;-0.6895301
2020-03-04 18:54:12;62.24107823;25.76186727;185.3;93.0;1.020049;27.0;-4.0701427;-21.777658;9.902418
2020-03-04 18:54:12;62.24107823;25.76186727;185.3;93.0;1.020049;27.0;4.3957543;-15.313314;0.29688102
2020-03-04 18:54:13;62.24106528;25.76177202;234.7;93.0;1.1229426;24.0;-2.2409728;-6.0621185;8.820239
2020-03-04 18:54:15;62.24106528;25.76177202;234.7;93.0;1.1229426;24.0;8.1881695;-21.748928;-5.171476
2020-03-04 18:54:17;62.24101952;25.76175906;217.1;93.0;1.0131633;23.0;-0.5363012;-3.6966474;2.3463178
2020-03-04 18:54:19;62.24100655;25.76171413;269.3;92.0;1.2319902;23.0;-0.019153614;-17.650055;-1.8100165
2020-03-04 18:54:21;62.24100655;25.76171413;269.3;92.0;1.2319902;23.0;2.3080103;-12.0093155;1.4077905
2020-03-04 18:54:23;62.24099107;25.76165464;254.8;94.0;1.15;24.0;-0.7661445;-10.505757;1.8674773
2020-03-04 18:54:23;62.24099107;25.76165464;254.8;94.0;1.15;24.0;-0.91937345;-12.861651;1.340753
2020-03-04 18:54:24;62.24099107;25.76165464;254.8;94.0;1.15;24.0;-0.8523358;-24.727316;8.341399
2020-03-04 18:54:24;62.24099107;25.76165464;254.8;94.0;1.15;24.0;5.6120086;-12.076353;-4.548983
2020-03-04 18:54:25;62.24093281;25.76165629;241.3;98.0;1.18;22.0;-5.889736;-11.291056;15.006856
2020-03-04 18:54:27;62.24091211;25.76163356;222.4;97.0;1.1701709;19.0;-4.711789;-2.2984335;5.305551
2020-03-04 18:54:29;62.24089146;25.76161305;223.2;96.0;1.070187;16.0;0.79487497;-4.175488;-3.1794999
2020-03-04 18:54:31;62.24089067;25.76159121;219.1;98.0;1.1400439;11.0;7.7667904;-16.998833;0.6703765
2020-03-04 18:54:32;62.24089067;25.76159121;219.1;98.0;1.1400439;11.0;-5.1906295;-14.030022;11.204864
2020-03-04 18:54:34;62.24085769;25.76156535;213.7;96.0;1.28;9.0;-0.81402856;-6.8282633;-1.9057846
2020-03-04 18:54:36;62.24084617;25.76152732;217.0;97.0;1.1;9.0;-3.2082303;-2.4133554;4.0414124
2020-03-04 18:54:38;62.24084617;25.76152732;217.0;97.0;1.1;9.0;0.17238252;-2.336741;-2.4133554
2020-03-04 18:54:40;62.24084617;25.76152732;217.0;97.0;1.1;9.0;7.7093296;-13.982138;1.0630256
2020-03-04 18:54:42;62.24047241;25.7624695;233.7;99.0;1.4400347;21.0;1.2641385;-7.517793;1.5227122
2020-03-04 18:54:44;62.24051037;25.76231388;240.1;102.0;1.28;10.0;-7.192182;-0.79487497;-2.777274
2020-03-04 18:54:46;62.24049192;25.76220376;242.2;105.0;1.4403125;11.0;-4.156334;-1.3982137;4.6926355
2020-03-04 18:54:47;62.24047496;25.76227036;255.2;107.0;1.320038;8.0;0.019153614;-2.777274;-2.1930888
2020-03-04 18:54:48;62.24047496;25.76227036;255.2;107.0;1.320038;8.0;1.4652514;-7.144298;1.3599066
2020-03-04 18:54:48;62.24047496;25.76227036;255.2;107.0;1.320038;8.0;-0.35434186;-2.336741;-1.0726024
2020-03-04 18:54:49;62.24047496;25.76227036;255.2;107.0;1.320038;8.0;1.4077905;-7.843405;0.25857377
2020-03-04 18:54:50;62.24045967;25.7621933;253.4;106.0;1.58;13.0;-1.1683705;-16.050728;-3.217807
2020-03-04 18:54:52;62.24043767;25.76210566;249.5;106.0;1.8101104;18.0;-0.33518824;-2.0398598;-1.1875241
2020-03-04 18:54:54;62.24042802;25.76200996;222.1;109.0;1.17;10.0;-2.2409728;-25.177425;2.9400797
2020-03-04 18:54:54;62.24042802;25.76200996;222.1;109.0;1.17;10.0;1.043872;-6.5122285;0.9768343
2020-03-04 18:54:55;62.2403871;25.76199516;250.2;110.0;1.4603082;8.0;-0.50757074;-2.0973208;-0.7565677
2020-03-04 18:54:55;62.2403871;25.76199516;250.2;110.0;1.4603082;8.0;-0.095768064;-6.033388;2.7964275
2020-03-04 18:54:56;62.24038264;25.7619686;250.2;110.0;1.460137;8.0;0.22026655;-4.280833;-3.169923
2020-03-04 18:54:56;62.24038264;25.7619686;250.2;110.0;1.460137;8.0;-1.3790601;-4.759673;4.405331
2020-03-04 18:54:57;62.24038264;25.7619686;250.2;110.0;1.460137;8.0;0.81402856;-16.730682;-1.7812861
2020-03-04 18:54:57;62.24038264;25.7619686;250.2;110.0;1.460137;8.0;-9.509769;2.384625;2.1547816
2020-03-04 18:54:58;62.24036377;25.76194076;246.1;111.0;1.41;10.0;6.1195793;-12.737153;-1.6280571
2020-03-04 18:54:58;62.24036377;25.76194076;246.1;111.0;1.41;10.0;-8.781932;-11.061212;5.161899
2020-03-04 18:54:59;62.24036377;25.76194076;246.1;111.0;1.41;10.0;0.6703765;-7.632715;-0.7278373
2020-03-04 18:54:59;62.24036377;25.76194076;246.1;111.0;1.41;10.0;-0.06703765;-3.9935284;-2.6719291
2020-03-04 18:55:00;62.24034623;25.76190956;233.1;111.0;1.2601587;9.0;2.3080103;-8.159439;0.51714754
2020-03-04 18:55:00;62.24034623;25.76190956;233.1;111.0;1.2601587;9.0;-0.32561144;-1.6376339;-0.41180268
2020-03-04 18:55:01;62.24034623;25.76190956;233.1;111.0;1.2601587;9.0;1.091756;-6.981492;1.1109096
2020-03-04 18:55:01;62.24034623;25.76190956;233.1;111.0;1.2601587;9.0;0.36391866;-4.7788267;-2.882619
2020-03-04 18:55:02;62.2403451;25.76183204;220.7;114.0;1.2;9.0;-1.8866309;-5.631162;2.96881
2020-03-04 18:55:02;62.2403451;25.76183204;220.7;114.0;1.2;9.0;1.3790601;-19.479225;1.3503298
2020-03-04 18:55:03;62.2403451;25.76183204;220.7;114.0;1.2;9.0;7.2687964;-22.486341;-1.5897499
2020-03-04 18:55:04;62.2403451;25.76183204;220.7;114.0;1.2;9.0;1.8195933;-8.513782;-0.047884032
2020-03-04 18:55:06;62.24028281;25.76177119;208.5;115.0;1.2887591;9.0;-0.10534488;-1.9057846;-2.6719291
2020-03-04 18:55:08;62.24030705;25.76168112;237.5;113.0;1.2714165;9.0;-0.8619126;-10.055647;-5.4683566
2020-03-04 18:55:10;62.24029283;25.76163667;230.1;115.0;1.5411683;11.0;1.9249382;-8.197746;0.095768064
2020-03-04 18:55:12;62.24029803;25.76153034;250.3;113.0;1.54;10.0;1.4652514;-7.9870567;0.6607997
2020-03-04 18:55:13;62.24029803;25.76153034;250.3;113.0;1.54;10.0;7.4986396;-19.086576;-4.271256
2020-03-04 18:55:15;62.24025498;25.76156269;235.3;149.0;1.1211156;10.0;-4.060566;0.1340753;1.7429788
2020-03-04 18:55:17;62.24020749;25.76156681;202.6;140.0;1.3501482;10.0;-0.1436521;-3.6104562;-2.5474305
2020-03-04 18:55:19;62.24017502;25.76157934;199.4;130.0;0.95;9.0;7.1059904;-14.393941;0.23942018
2020-03-04 18:55:21;62.24014189;25.76152784;211.6;120.0;1.1503912;11.0;1.5131354;-7.565677;0.92895025
2020-03-04 18:55:23;62.24012646;25.76150983;212.7;115.0;1.12;15.0;-1.484405;1.3790601;-7.8529816
2020-03-04 18:55:25;62.240073;25.76154022;191.1;109.0;1.390899;18.0;-0.9768343;-2.5091233;-1.0534488
2020-03-04 18:55:27;62.240002;25.7616739;175.0;107.0;1.4401389;12.0;1.4173675;-14.211981;0.15322891
2020-03-04 18:55:27;62.240002;25.7616739;175.0;107.0;1.4401389;12.0;-0.5746084;-7.1251445;1.6376339
2020-03-04 18:55:28;62.240002;25.7616739;175.0;107.0;1.4401389;12.0;1.6567876;-20.264523;4.8362875
2020-03-04 18:55:28;62.240002;25.7616739;175.0;107.0;1.4401389;12.0;7.431602;-15.351622;0.18195933
2020-03-04 18:55:30;62.2400358;25.76160086;224.3;101.0;0.61;9.0;-0.7086837;-4.548983;5.8322754
2020-03-04 18:55:32;62.24002409;25.76162792;206.2;95.0;0.82006097;9.0;-1.1779473;-4.232949;2.7964275
2020-03-04 18:55:34;62.24002725;25.76163443;219.1;95.0;0.66;14.0;-0.5746084;-10.496181;-1.1683705
2020-03-04 18:55:36;62.24008689;25.76156148;272.2;92.0;0.53851646;8.0;0.30645782;-7.5465236;-0.22984336
2020-03-04 18:55:38;62.2400915;25.7615777;139.5;87.0;0.5807753;7.0;4.31914;-18.885464;-2.9879637
2020-03-04 18:55:45;62.24008745;25.76158506;139.5;87.0;0.58034474;9.0;-1.9536686;-5.841852;9.011775
2020-03-04 18:55:47;62.24014124;25.76181543;99.0;104.0;1.0507616;12.0;1.2162545;-6.090849;0.90979666
2020-03-04 18:55:49;62.24016565;25.76186298;99.6;106.0;1.0412012;10.0;-2.336741;-9.337387;12.516887
2020-03-04 18:55:51;62.2401677;25.76191127;89.8;100.0;0.8736704;10.0;-2.566584;-15.217546;-1.5993267
2020-03-04 18:55:53;62.2401677;25.76191127;89.8;100.0;0.8736704;10.0;1.340753;-9.490616;-3.0358477
2020-03-04 18:55:55;62.24017082;25.7619373;90.4;98.0;0.84148675;14.0;1.5035586;-7.7667904;0.641646
2020-03-04 18:55:57;62.24017259;25.7619615;0.0;97.0;0.0;16.0;-0.45010993;-15.02601;-3.4093432
2020-03-04 18:55:57;62.24017259;25.7619615;0.0;97.0;0.0;16.0;1.7621324;-7.699753;0.8619126
2020-03-04 18:55:58;62.24017259;25.7619615;0.0;97.0;0.0;16.0;-0.40222588;-2.135628;-1.3024458
2020-03-04 18:55:58;62.24017259;25.7619615;0.0;97.0;0.0;16.0;-1.0534488;-11.089942;1.13964
2020-03-04 18:55:59;62.24012449;25.76210029;153.2;96.0;0.8769264;8.0;0.19153613;-16.050728;-5.094861
2020-03-04 18:55:59;62.24012449;25.76210029;153.2;96.0;0.8769264;8.0;4.0222588;-16.452953;2.2697031
2020-03-04 18:56:00;62.24011749;25.76210792;153.2;96.0;0.87281156;8.0;11.233594;-14.633361;-0.047884032
2020-03-04 18:56:00;62.24011749;25.76210792;153.2;96.0;0.87281156;8.0;-3.715801;-1.9536686;5.2480903
2020-03-04 18:56:01;62.24011749;25.76210792;153.2;96.0;0.87281156;8.0;2.336741;-10.94629;-2.4420857
2020-03-04 18:56:01;62.24011749;25.76210792;153.2;96.0;0.87281156;8.0;-1.3790601;-4.9799395;7.07726
2020-03-04 18:56:02;62.24010591;25.76213374;155.6;100.0;0.9604686;6.0;1.9057846;-8.619126;0.05746084
2020-03-04 18:56:02;62.24010591;25.76213374;155.6;100.0;0.9604686;6.0;-0.1340753;-1.9440918;-1.4173675
2020-03-04 18:56:03;62.24009801;25.76214143;155.6;100.0;0.9602083;7.0;1.2545617;-7.7667904;-0.30645782
2020-03-04 18:56:03;62.24009801;25.76214143;155.6;100.0;0.9602083;7.0;1.3982137;-7.795521;-0.22026655
2020-03-04 18:56:04;62.2400901;25.76214916;155.6;100.0;0.9600521;9.0;1.7525556;-10.754754;0.19153613
2020-03-04 18:56:04;62.2400901;25.76214916;155.6;100.0;0.9600521;9.0;1.292869;-16.127342;-6.8665705
2020-03-04 18:56:05;62.2400901;25.76214916;155.6;100.0;0.9600521;9.0;3.5242648;-12.593501;-9.021352
2020-03-04 18:56:06;62.2400901;25.76214916;155.6;100.0;0.9600521;9.0;0.92895025;-12.287044;1.5610195
2020-03-04 18:56:06;62.24007635;25.76220601;151.2;95.0;0.6868042;7.0;-4.4915223;-17.937359;15.705963
2020-03-04 18:56:07;62.24007229;25.76221065;151.4;94.0;0.59169245;8.0;-2.0398598;-6.1004257;0.25857377
2020-03-04 18:56:09;62.24006244;25.76222377;151.1;93.0;1.1851159;8.0;1.7525556;-19.115307;-1.3024458
2020-03-04 18:56:11;62.24004526;25.76242165;129.1;98.0;1.05385;7.0;2.6144683;-8.331821;0.05746084
2020-03-04 18:56:12;62.24003935;25.76243729;129.0;91.0;1.040769;8.0;-1.982399;-17.199945;12.890382
2020-03-04 18:56:13;62.24003935;25.76243729;129.0;91.0;1.040769;8.0;-4.185065;-12.603078;8.437167
2020-03-04 18:56:14;62.24004494;25.76248698;119.0;93.0;0.9102198;8.0;-3.4572272;-7.1826053;11.654974
2020-03-04 18:56:16;62.24003212;25.76253095;135.2;94.0;1.0900459;10.0;-0.94810385;-13.397953;-1.7621324
2020-03-04 18:56:18;62.24003045;25.76258898;121.7;95.0;0.91;11.0;6.1866174;-14.872781;1.1587936
2020-03-04 18:56:20;62.24000509;25.76262222;112.0;94.0;0.8509407;11.0;1.9536686;-15.093047;-0.18195933
2020-03-04 18:56:22;62.2400139;25.76266877;111.5;93.0;1.2001667;11.0;0.18195933;-7.441179;-1.8004397
2020-03-04 18:56:23;62.2400139;25.76266877;111.5;93.0;1.2001667;11.0;4.7022123;-13.637373;0.5554548
2020-03-04 18:56:25;62.239999;25.76273674;103.5;94.0;1.4503103;11.0;-0.80445176;-2.078167;-1.2162545
2020-03-04 18:56:27;62.24000633;25.76279529;102.1;93.0;1.57;13.0;5.6982;-11.463438;-0.8714894
2020-03-04 18:56:29;62.24000448;25.76286835;101.1;94.0;1.3001537;12.0;0.7278373;-7.967903;0.17238252
2020-03-04 18:56:31;62.23999237;25.76298038;109.7;96.0;1.4934524;13.0;3.3135753;-13.551182;2.0590134
2020-03-04 18:56:33;62.23999237;25.76298038;109.7;96.0;1.4934524;13.0;-0.91937345;-3.4093432;2.0494366
2020-03-04 18:56:35;62.23999237;25.76298038;109.7;96.0;1.4934524;13.0;0.12449849;-16.424223;-2.9783869
2020-03-04 18:56:37;62.23999237;25.76298038;109.7;96.0;1.4934524;13.0;1.7429788;-8.7532015;0.81402856
2020-03-04 18:56:39;62.23999237;25.76298038;109.7;96.0;1.4934524;13.0;5.6790466;-21.509508;-2.9592333
2020-03-04 18:56:41;62.23999237;25.76298038;109.7;96.0;1.4934524;13.0;1.7908629;-15.916653;-3.9456444
2020-03-04 18:56:43;62.23999237;25.76298038;109.7;96.0;1.4934524;13.0;-0.6512229;-2.4133554;-1.4173675
2020-03-04 18:56:45;62.23999237;25.76298038;109.7;96.0;1.4934524;13.0;-2.5474305;-9.682152;-4.050989
2020-03-04 18:56:47;62.23999237;25.76298038;109.7;96.0;1.4934524;13.0;-0.1436521;-7.728483;-0.62249243
2020-03-04 18:56:49;62.23999237;25.76298038;109.7;96.0;1.4934524;13.0;-2.3942018;-9.279925;3.715801
2020-03-04 18:56:51;62.23999237;25.76298038;109.7;96.0;1.4934524;13.0;-0.6895301;-2.4708161;-0.48841715
2020-03-04 18:56:53;62.23999237;25.76298038;109.7;96.0;1.4934524;13.0;0.40222588;-15.562311;-7.0964136
2020-03-04 18:56:55;62.23999237;25.76298038;109.7;96.0;1.4934524;13.0;1.9632454;-9.768343;-0.076614454
2020-03-04 18:56:57;62.23999237;25.76298038;109.7;96.0;1.4934524;13.0;5.0661306;-17.774553;-2.7964275
2020-03-04 18:56:59;62.23999237;25.76298038;109.7;96.0;1.4934524;13.0;-3.1124623;-7.785944;11.63582
2020-03-04 18:57:00;62.23999237;25.76298038;109.7;96.0;1.4934524;13.0;-1.091756;-4.185065;2.6144683
2020-03-04 18:57:01;62.23999237;25.76298038;109.7;96.0;1.4934524;13.0;-0.009576807;-9.461885;1.2354081
2020-03-04 18:57:01;62.23999237;25.76298038;109.7;96.0;1.4934524;13.0;0.61291564;-2.930503;-2.8538885
2020-03-04 18:57:02;62.23999237;25.76298038;109.7;96.0;1.4934524;13.0;1.6184803;-7.422025;1.0055647
2020-03-04 18:57:02;62.23999237;25.76298038;109.7;96.0;1.4934524;13.0;-0.63206923;-1.1587936;-1.3790601
2020-03-04 18:57:03;62.23999237;25.76298038;109.7;96.0;1.4934524;13.0;2.3654714;-6.933608;-0.51714754
2020-03-04 18:57:03;62.23999237;25.76298038;109.7;96.0;1.4934524;13.0;0.40222588;-6.4643445;-1.532289
2020-03-04 18:57:04;62.23999237;25.76298038;109.7;96.0;1.4934524;13.0;-0.5746084;-6.5026517;2.6144683
2020-03-04 18:57:04;62.23999237;25.76298038;109.7;96.0;1.4934524;13.0;2.9113493;-18.971655;0.2873042
2020-03-04 18:57:05;62.23999237;25.76298038;109.7;96.0;1.4934524;13.0;-3.0262709;-4.9799395;5.6215854
2020-03-04 18:57:05;62.23999237;25.76298038;109.7;96.0;1.4934524;13.0;8.130709;-14.585477;-1.2354081
2020-03-04 18:57:06;62.23999237;25.76298038;109.7;96.0;1.4934524;13.0;-2.930503;-14.690822;11.836933
2020-03-04 18:57:06;62.23999237;25.76298038;109.7;96.0;1.4934524;13.0;1.043872;-8.236053;1.4173675
2020-03-04 18:57:07;62.23999237;25.76298038;109.7;96.0;1.4934524;13.0;-0.90021986;-4.960786;3.3423057
2020-03-04 18:57:07;62.23999237;25.76298038;109.7;96.0;1.4934524;13.0;-0.047884032;-7.441179;1.2066777
2020-03-04 18:57:08;62.23999237;25.76298038;109.7;96.0;1.4934524;13.0;-0.25857377;-2.5761611;-2.1930888
2020-03-04 18:57:08;62.23999237;25.76298038;109.7;96.0;1.4934524;13.0;-0.58418524;-6.38773;0.32561144
2020-03-04 18:57:09;62.23999237;25.76298038;109.7;96.0;1.4934524;13.0;-2.1643584;-12.660539;1.8100165
2020-03-04 18:57:09;62.23999237;25.76298038;109.7;96.0;1.4934524;13.0;2.96881;-14.001291;5.085284
2020-03-04 18:57:10;62.23999237;25.76298038;109.7;96.0;1.4934524;13.0;0.45010993;-10.295067;0.24899697
2020-03-04 18:57:11;62.23999237;25.76298038;109.7;96.0;1.4934524;13.0;-0.89064306;-4.8362875;3.074155
2020-03-04 18:57:13;62.23999237;25.76298038;109.7;96.0;1.4934524;13.0;4.0797195;-12.698846;-0.8714894
2020-03-04 18:57:14;62.23999237;25.76298038;109.7;96.0;1.4934524;13.0;-0.7469909;-4.654328;2.27928
2020-03-04 18:57:14;62.23999237;25.76298038;109.7;96.0;1.4934524;13.0;1.4269443;-8.274361;1.1492168
2020-03-04 18:57:15;62.23999237;25.76298038;109.7;96.0;1.4934524;13.0;-2.9879637;-6.981492;11.377247
2020-03-04 18:57:15;62.23999237;25.76298038;109.7;96.0;1.4934524;13.0;0.7374141;-7.9870567;-0.038307227
2020-03-04 18:57:17;62.23999237;25.76298038;109.7;96.0;1.4934524;13.0;-3.9456444;-12.459426;13.493721
2020-03-04 18:57:19;62.23999237;25.76298038;109.7;96.0;1.4934524;13.0;-0.11492168;-10.247183;1.1013328
2020-03-04 18:57:21;62.23999237;25.76298038;109.7;96.0;1.4934524;13.0;2.087744;-11.9135475;0.8331822
2020-03-04 18:57:23;62.23999237;25.76298038;109.7;96.0;1.4934524;13.0;0.30645782;-8.178593;-0.45968673
2020-03-04 18:57:25;62.23999237;25.76298038;109.7;96.0;1.4934524;13.0;1.6089035;-9.471462;1.340753
2020-03-04 18:57:27;62.23999237;25.76298038;109.7;96.0;1.4934524;13.0;-2.1452048;-9.069236;11.57836
2020-03-04 18:57:29;62.23999237;25.76298038;109.7;96.0;1.4934524;13.0;-0.81402856;-11.63582;-0.08619126
2020-03-04 18:57:31;62.23999237;25.76298038;109.7;96.0;1.4934524;13.0;2.1930888;-11.405977;-1.388637
2020-03-04 18:57:33;62.23999237;25.76298038;109.7;96.0;1.4934524;13.0;0.047884032;-6.8761473;1.0726024
2020-03-04 18:57:35;62.23999237;25.76298038;109.7;96.0;1.4934524;13.0;-3.5051112;-12.53604;11.84651
2020-03-04 18:57:37;62.23999237;25.76298038;109.7;96.0;1.4934524;13.0;0.5746084;-8.197746;0.15322891
2020-03-04 18:57:38;62.23999237;25.76298038;109.7;96.0;1.4934524;13.0;1.8100165;-7.642292;1.3790601
2020-03-04 18:57:39;62.23999237;25.76298038;109.7;96.0;1.4934524;13.0;0.51714754;-8.599973;1.283292
2020-03-04 18:57:39;62.23999237;25.76298038;109.7;96.0;1.4934524;13.0;-0.047884032;-12.852075;-0.16280572
2020-03-04 18:57:40;62.23999237;25.76298038;109.7;96.0;1.4934524;13.0;-0.7374141;-25.723303;5.9663506
2020-03-04 18:57:40;62.23999237;25.76298038;109.7;96.0;1.4934524;13.0;-1.3694834;-9.682152;-2.4516625
2020-03-04 18:57:41;62.23999237;25.76298038;109.7;96.0;1.4934524;13.0;-3.5817258;-9.500193;13.196839
2020-03-04 18:57:41;62.23999237;25.76298038;109.7;96.0;1.4934524;13.0;4.1276035;-11.999739;-0.6991069
2020-03-04 18:57:42;62.23999237;25.76298038;109.7;96.0;1.4934524;13.0;-0.6991069;-2.7581203;-1.4460979
2020-03-04 18:57:44;62.23999237;25.76298038;109.7;96.0;1.4934524;13.0;-5.602432;-7.642292;6.540959
2020-03-04 18:57:46;62.23999237;25.76298038;109.7;96.0;1.4934524;13.0;0.51714754;-5.851429;-2.1452048
2020-03-04 18:57:48;62.23999237;25.76298038;109.7;96.0;1.4934524;13.0;0.9959879;-13.704411;1.1779473
2020-03-04 18:57:50;62.23999237;25.76298038;109.7;96.0;1.4934524;13.0;-0.8331822;-6.694188;-2.1452048
2020-03-04 18:57:52;62.23999237;25.76298038;109.7;96.0;1.4934524;13.0;-3.3806129;-0.095768064;4.654328
2020-03-04 18:57:54;62.23999237;25.76298038;109.7;96.0;1.4934524;13.0;0.93852705;-18.416199;-2.3654714
2020-03-04 18:57:56;62.23999237;25.76298038;109.7;96.0;1.4934524;13.0;-0.019153614;-11.492168;-1.6663644
2020-03-04 18:57:58;62.23999237;25.76298038;109.7;96.0;1.4934524;13.0;3.3997664;-14.824897;-0.038307227
2020-03-04 18:58:00;62.23999237;25.76298038;109.7;96.0;1.4934524;13.0;1.7621324;-8.274361;0.12449849
2020-03-04 18:58:02;62.23999237;25.76298038;109.7;96.0;1.4934524;13.0;-3.7924154;-7.7093296;7.795521
2020-03-04 18:58:04;62.23999237;25.76298038;109.7;96.0;1.4934524;13.0;0.17238252;-2.815581;-3.1890767
2020-03-04 18:58:04;62.23999237;25.76298038;109.7;96.0;1.4934524;13.0;-4.453215;-5.8226986;5.3725886
2020-03-04 18:58:05;62.23999237;25.76298038;109.7;96.0;1.4934524;13.0;6.397307;-16.031574;-2.4037786
2020-03-04 18:58:05;62.23999237;25.76298038;109.7;96.0;1.4934524;13.0;-0.5554548;-3.3039982;1.0726024
2020-03-04 18:58:06;62.23999237;25.76298038;109.7;96.0;1.4934524;13.0;1.4652514;-10.850522;2.2218192
2020-03-04 18:58:06;62.23999237;25.76298038;109.7;96.0;1.4934524;13.0;-0.7565677;-2.9879637;-0.39264908
2020-03-04 18:58:07;62.23999237;25.76298038;109.7;96.0;1.4934524;13.0;1.388637;-7.2592196;1.7429788
2020-03-04 18:58:07;62.23999237;25.76298038;109.7;96.0;1.4934524;13.0;0.076614454;-3.1986535;-2.6431987
2020-03-04 18:58:08;62.23999237;25.76298038;109.7;96.0;1.4934524;13.0;-1.6280571;-7.1347213;0.5650316
2020-03-04 18:58:08;62.23999237;25.76298038;109.7;96.0;1.4934524;13.0;0.06703765;-16.098612;-1.8004397
2020-03-04 18:58:09;62.23999237;25.76298038;109.7;96.0;1.4934524;13.0;-6.6175733;-4.673482;5.353435
2020-03-04 18:58:09;62.23999237;25.76298038;109.7;96.0;1.4934524;13.0;4.817134;-15.859192;0.94810385
2020-03-04 18:58:10;62.23999237;25.76298038;109.7;96.0;1.4934524;13.0;-1.5227122;-5.48751;7.6614456
2020-03-04 18:58:10;62.23999237;25.76298038;109.7;96.0;1.4934524;13.0;1.4077905;-15.313314;1.8483237
2020-03-04 18:58:11;62.23999237;25.76298038;109.7;96.0;1.4934524;13.0;-3.86903;-12.5743475;13.330915
2020-03-04 18:58:11;62.23999237;25.76298038;109.7;96.0;1.4934524;13.0;0.545878;-7.8050976;-0.9864111
2020-03-04 18:58:12;62.23999237;25.76298038;109.7;96.0;1.4934524;13.0;-0.7374141;-2.480393;-0.009576807
2020-03-04 18:58:12;62.23999237;25.76298038;109.7;96.0;1.4934524;13.0;1.4173675;-7.536947;0.80445176
2020-03-04 18:58:13;62.23999237;25.76298038;109.7;96.0;1.4934524;13.0;0.61291564;-3.715801;-2.719813
2020-03-04 18:58:13;62.23999237;25.76298038;109.7;96.0;1.4934524;13.0;3.074155;-16.472107;-2.4133554
2020-03-04 18:58:15;62.23999237;25.76298038;109.7;96.0;1.4934524;13.0;0.9672575;-14.5088625;0.22984336
2020-03-04 18:58:17;62.23999237;25.76298038;109.7;96.0;1.4934524;13.0;1.6663644;-7.441179;0.30645782
2020-03-04 18:58:18;62.23999237;25.76298038;109.7;96.0;1.4934524;13.0;-1.8674773;-12.813767;1.0342951
2020-03-04 18:58:20;62.23999237;25.76298038;109.7;96.0;1.4934524;13.0;-10.314221;0.93852705;0.6991069
2020-03-04 18:58:22;62.23999237;25.76298038;109.7;96.0;1.4934524;13.0;-0.23942018;-1.8195933;-0.50757074
2020-03-04 18:58:24;62.23999237;25.76298038;109.7;96.0;1.4934524;13.0;0.20111294;-18.339584;-5.3821654
2020-03-04 18:58:26;62.23999237;25.76298038;109.7;96.0;1.4934524;13.0;1.9536686;-9.184157;-0.019153614
2020-03-04 18:58:28;62.23999237;25.76298038;109.7;96.0;1.4934524;13.0;3.122039;-10.620679;-0.6799533
2020-03-04 18:58:30;62.23999237;25.76298038;109.7;96.0;1.4934524;13.0;-1.8291701;-7.0485296;12.047623
2020-03-04 18:58:32;62.23999237;25.76298038;109.7;96.0;1.4934524;13.0;1.0342951;-9.471462;0.90021986
2020-03-04 18:58:34;62.23999237;25.76298038;109.7;96.0;1.4934524;13.0;1.388637;-14.202404;0.39264908
2020-03-04 18:58:36;62.23999237;25.76298038;109.7;96.0;1.4934524;13.0;-1.2162545;-6.531382;-1.7429788
2020-03-04 18:58:38;62.23999237;25.76298038;109.7;96.0;1.4934524;13.0;1.1779473;-8.963891;1.5131354
2020-03-04 18:58:40;62.23999237;25.76298038;109.7;96.0;1.4934524;13.0;-3.8115692;-10.764331;13.120225
2020-03-04 18:58:42;62.23999237;25.76298038;109.7;96.0;1.4934524;13.0;1.1013328;-10.7356;-0.49799395
2020-03-04 18:58:44;62.23999237;25.76298038;109.7;96.0;1.4934524;13.0;2.087744;-13.292608;0.4213795
2020-03-04 18:58:46;62.23999237;25.76298038;109.7;96.0;1.4934524;13.0;-1.0534488;-6.7229185;-2.0398598
2020-03-04 18:58:48;62.23999237;25.76298038;109.7;96.0;1.4934524;13.0;-1.388637;-12.200851;11.243171
2020-03-04 18:58:49;62.23999237;25.76298038;109.7;96.0;1.4934524;13.0;1.4939818;-8.896853;0.90979666
2020-03-04 18:58:51;62.23999237;25.76298038;109.7;96.0;1.4934524;13.0;-0.89064306;-17.899052;-6.0238113
2020-03-04 18:58:53;62.23999237;25.76298038;109.7;96.0;1.4934524;13.0;1.3503298;-7.728483;-0.81402856
2020-03-04 18:58:55;62.23999237;25.76298038;109.7;96.0;1.4934524;13.0;1.4460979;-9.576807;0.8714894
2020-03-04 18:58:57;62.23999237;25.76298038;109.7;96.0;1.4934524;13.0;4.9895163;-19.929335;1.6472107
2020-03-04 18:58:59;62.23999237;25.76298038;109.7;96.0;1.4934524;13.0;-0.93852705;-3.371036;1.6280571
2020-03-04 18:59:01;62.23999237;25.76298038;109.7;96.0;1.4934524;13.0;-0.48841715;-15.763424;-1.1587936
2020-03-04 18:59:03;62.23999237;25.76298038;109.7;96.0;1.4934524;13.0;0.7565677;-11.128249;1.2449849
2020-03-04 18:59:05;62.23999237;25.76298038;109.7;96.0;1.4934524;13.0;1.0151415;-6.2728086;2.7964275
2020-03-04 18:59:07;62.23999237;25.76298038;109.7;96.0;1.4934524;13.0;-5.094861;-17.48725;13.110648
2020-03-04 18:59:07;62.23999237;25.76298038;109.7;96.0;1.4934524;13.0;0.6991069;-5.544971;2.9975405
2020-03-04 18:59:08;62.23999237;25.76298038;109.7;96.0;1.4934524;13.0;1.2737153;-8.829816;-0.5267244
2020-03-04 18:59:08;62.23999237;25.76298038;109.7;96.0;1.4934524;13.0;-0.41180268;-14.748282;-7.1634517
2020-03-04 18:59:09;62.23999237;25.76298038;109.7;96.0;1.4934524;13.0;0.095768064;-9.730036;-4.8937483
2020-03-04 18:59:09;62.23999237;25.76298038;109.7;96.0;1.4934524;13.0;6.933608;-21.394587;-4.0797195
2020-03-04 18:59:10;62.23851879;25.76461157;262.1;183.0;1.2664913;10.0;5.9280434;-14.824897;1.3120226
2020-03-04 18:59:10;62.23851879;25.76461157;262.1;183.0;1.2664913;10.0;-4.1371803;-7.3071036;6.301539
2020-03-04 18:59:11;62.23851879;25.76461157;262.1;183.0;1.2664913;10.0;4.8745947;-10.994174;-3.3135753
2020-03-04 18:59:11;62.23851879;25.76461157;262.1;183.0;1.2664913;10.0;-1.3311762;-6.2823853;9.653421
2020-03-04 18:59:12;62.23853226;25.76438417;264.6;147.0;1.5141995;9.0;2.2984335;-7.7189064;-0.36391866
2020-03-04 18:59:12;62.23853226;25.76438417;264.6;147.0;1.5141995;9.0;0.59376204;-4.903325;-3.2273839
2020-03-04 18:59:13;62.23853226;25.76438417;264.6;147.0;1.5141995;9.0;3.5338416;-14.164097;1.9919758
2020-03-04 18:59:13;62.23853226;25.76438417;264.6;147.0;1.5141995;9.0;1.1587936;-19.814413;-2.183512
2020-03-04 18:59:14;62.23852581;25.76424279;244.4;143.0;1.6211107;8.0;1.1587936;-7.9966335;1.5514427
2020-03-04 18:59:14;62.23852581;25.76424279;244.4;143.0;1.6211107;8.0;3.6966474;-18.952501;-4.7309427
2020-03-04 18:59:15;62.23851951;25.76421461;244.4;143.0;1.6202778;8.0;-4.6160207;5.48751;-8.063671
2020-03-04 18:59:15;62.23851951;25.76421461;244.4;143.0;1.6202778;8.0;6.253655;-17.295713;-0.37349546
2020-03-04 18:59:16;62.23851951;25.76421461;244.4;143.0;1.6202778;8.0;-3.8977604;-16.989256;10.611102
2020-03-04 18:59:17;62.23851951;25.76421461;244.4;143.0;1.6202778;8.0;0.5363012;-10.860099;0.9768343
2020-03-04 18:59:17;62.2385239;25.76434712;244.7;135.0;1.1822859;9.0;-0.90021986;-3.1603463;1.5705963
2020-03-04 18:59:18;62.2385239;25.76434712;244.7;135.0;1.1822859;9.0;-1.2066777;-10.97502;-4.012682
2020-03-04 18:59:20;62.23852943;25.76437091;244.9;132.0;0.90448874;9.0;1.6472107;-8.571242;-1.4077905
2020-03-04 18:59:22;62.23851735;25.76431614;245.0;130.0;1.5771494;9.0;1.8962077;-8.973468;1.4460979
2020-03-04 18:59:24;62.2385233;25.76433065;226.8;130.0;1.2041595;8.0;6.895301;-17.161638;-2.3558946
2020-03-04 18:59:26;62.23851336;25.76428408;211.2;128.0;1.254472;8.0;-0.9768343;-3.5625722;0.9576807
2020-03-04 18:59:33;62.2385039;25.76427155;245.1;128.0;1.2440257;9.0;0.49799395;-18.05228;-6.4643445
2020-03-04 18:59:35;62.23843485;25.76422081;207.8;119.0;1.2539936;15.0;0.91937345;-2.5953147;-3.4572272
2020-03-04 18:59:37;62.23841154;25.76422296;206.9;121.0;1.3600368;12.0;7.1251445;-16.175226;0.35434186
2020-03-04 18:59:39;62.23838995;25.76420244;212.3;121.0;1.3703284;12.0;1.2641385;-6.9048777;0.45010993
2020-03-04 18:59:41;62.23837491;25.76414296;214.0;119.0;1.2901549;11.0;0.89064306;-7.5561004;-1.2354081
2020-03-04 18:59:43;62.2383593;25.76409192;247.1;117.0;1.3186736;11.0;6.3302693;-14.681245;0.50757074
2020-03-04 18:59:45;62.23833804;25.76405257;202.0;115.0;1.4301398;7.0;-0.37349546;-1.5035586;-2.528277
2020-03-04 18:59:47;62.2383264;25.76404206;202.3;114.0;1.4128695;8.0;7.7572136;-14.681245;0.19153613
2020-03-04 18:59:49;62.23828991;25.76400189;193.1;116.0;1.0800463;5.0;1.7812861;-7.2687964;1.0247183
2020-03-04 18:59:53;62.23825472;25.76400387;187.4;117.0;1.9202343;6.0;-8.887277;-4.644751;2.0590134
2020-03-04 18:59:53;62.23825472;25.76400387;187.4;117.0;1.9202343;6.0;-1.2066777;-9.452309;-5.085284
2020-03-04 18:59:54;62.23825472;25.76400387;187.4;117.0;1.9202343;6.0;1.6950948;-11.57836;0.6607997
2020-03-04 18:59:54;62.23825472;25.76400387;187.4;117.0;1.9202343;6.0;-3.964798;-15.705963;12.765883
2020-03-04 18:59:55;62.23812508;25.7641964;154.3;117.0;2.83;8.0;1.5131354;-6.4547677;0.7757214
2020-03-04 18:59:57;62.23807659;25.76425917;162.8;118.0;3.28;8.0;1.7525556;-9.078813;0.19153613
2020-03-04 18:59:59;62.23811656;25.76410394;202.1;117.0;1.6600301;10.0;2.5187001;-7.201759;1.6663644
2020-03-04 19:00:01;62.23806754;25.76407161;193.1;117.0;1.5805063;9.0;-0.641646;-3.6774938;1.7812861
2020-03-04 19:00:02;62.23806754;25.76407161;193.1;117.0;1.5805063;9.0;-3.7924154;-15.820885;14.001291
2020-03-04 19:00:03;62.23806754;25.76407161;193.1;117.0;1.5805063;9.0;1.4460979;-7.651869;1.8866309
2020-03-04 19:00:03;62.23802368;25.7640771;194.6;117.0;1.3518137;10.0;-0.6895301;-2.4708161;-0.5746084
2020-03-04 19:00:04;62.23802368;25.7640771;194.6;117.0;1.3518137;10.0;0.641646;-7.776367;1.091756
2020-03-04 19:00:05;62.23801595;25.76404233;191.2;116.0;1.7000294;8.0;1.8004397;-12.765883;-0.47884035
2020-03-04 19:00:05;62.23801595;25.76404233;191.2;116.0;1.7000294;8.0;1.7908629;-6.5218053;-2.4516625
2020-03-04 19:00:06;62.23800095;25.76403595;191.2;116.0;1.7;9.0;1.1683705;-7.431602;-1.3120226
2020-03-04 19:00:06;62.23800095;25.76403595;191.2;116.0;1.7;9.0;0.58418524;-13.512875;-6.895301
2020-03-04 19:00:07;62.23800095;25.76403595;191.2;116.0;1.7;9.0;7.2592196;-22.055386;-4.4436383
2020-03-04 19:00:09;62.23797576;25.76404609;189.5;117.0;1.4102837;6.0;-0.7278373;-5.45878;3.0358477
2020-03-04 19:00:14;62.2379632;25.76404157;189.5;117.0;1.4159802;7.0;0.9864111;-5.209783;-2.2984335
2020-03-04 19:00:14;62.2379632;25.76404157;189.5;117.0;1.4159802;7.0;1.5897499;-13.9917145;-6.7133417
2020-03-04 19:00:15;62.2379632;25.76404157;189.5;117.0;1.4159802;7.0;-3.9456444;5.631162;-11.070788
2020-03-04 19:00:15;62.2379632;25.76404157;189.5;117.0;1.4159802;7.0;-0.9576807;-12.105083;0.24899697
2020-03-04 19:00:16;62.2379632;25.76404157;189.5;117.0;1.4159802;7.0;-7.680599;-7.7093296;9.222465
2020-03-04 19:00:16;62.23786263;25.76411434;180.4;118.0;1.7900279;14.0;2.6431987;-11.836933;-0.12449849
2020-03-04 19:00:17;62.23786263;25.76411434;180.4;118.0;1.7900279;14.0;-0.50757074;-3.5529952;1.0726024
2020-03-04 19:00:17;62.23786263;25.76411434;180.4;118.0;1.7900279;14.0;1.091756;-6.14831;-0.63206923
2020-03-04 19:00:18;62.23786263;25.76411434;180.4;118.0;1.7900279;14.0;4.1659107;-17.075447;-4.9799395
2020-03-04 19:00:18;62.23786885;25.76403935;197.4;109.0;1.3605882;15.0;0.39264908;-7.479486;-1.8004397
2020-03-04 19:00:19;62.23786885;25.76403935;197.4;109.0;1.3605882;15.0;-1.0726024;-11.243171;1.6759412
2020-03-04 19:00:19;62.23786885;25.76403935;197.4;109.0;1.3605882;15.0;8.7532015;-21.260511;-5.5258174
2020-03-04 19:00:20;62.23786885;25.76403935;197.4;109.0;1.3605882;15.0;-1.2162545;-9.691729;-3.41892
2020-03-04 19:00:20;62.23785836;25.76396906;197.9;108.0;1.2400403;11.0;-7.489063;-11.204864;5.7365074
2020-03-04 19:00:21;62.23785836;25.76396906;197.9;108.0;1.2400403;11.0;1.532289;-15.016433;0.12449849
2020-03-04 19:00:21;62.23785836;25.76396906;197.9;108.0;1.2400403;11.0;-2.0973208;-8.743625;14.298173
2020-03-04 19:00:22;62.23779901;25.76401098;202.4;103.0;1.2401613;7.0;3.7445314;-12.966996;0.076614454
2020-03-04 19:00:23;62.23779901;25.76401098;202.4;103.0;1.2401613;7.0;-5.085284;-5.506664;3.964798
2020-03-04 19:00:23;62.2377887;25.76400188;202.4;103.0;1.2400403;7.0;2.4037786;-9.433155;0.48841715
2020-03-04 19:00:24;62.2377887;25.76400188;202.4;103.0;1.2400403;7.0;-1.3503298;-6.349423;9.433155
2020-03-04 19:00:25;62.23777838;25.76399277;202.4;103.0;1.2400403;8.0;1.5705963;-7.52737;-0.20111294
2020-03-04 19:00:27;62.23777287;25.7638812;203.3;101.0;0.9804591;8.0;-0.33518824;-19.000385;10.5919485
2020-03-04 19:00:29;62.23774563;25.76388439;203.0;100.0;1.0231324;7.0;1.6280571;-8.015787;1.4173675
2020-03-04 19:00:36;62.23773842;25.76387216;203.0;100.0;1.0212247;8.0;0.8810662;-9.911995;-0.7469909
2020-03-04 19:00:38;62.23764362;25.76378799;187.1;101.0;1.4300349;13.0;-0.5650316;-4.1659107;3.5625722
2020-03-04 19:00:40;62.23762673;25.76373361;198.6;98.0;1.4;13.0;-0.08619126;-17.27656;-1.8195933
2020-03-04 19:00:42;62.23757517;25.763762;190.2;96.0;1.6704789;11.0;0.5554548;-9.184157;-0.7757214
2020-03-04 19:00:44;62.23752239;25.76379657;183.3;94.0;1.8202473;9.0;3.667917;-8.724471;0.2681506
2020-03-04 19:00:46;62.23744501;25.76386649;173.3;92.0;2.1902053;6.0;-2.4516625;-8.236053;11.271901
2020-03-04 19:00:48;62.23742787;25.76380266;186.5;90.0;2.0200248;8.0;0.545878;-10.927136;-0.30645782
2020-03-04 19:00:49;62.23741454;25.76378423;186.2;91.0;1.71;7.0;2.9017725;-18.789696;-4.855441
2020-03-04 19:00:50;62.23739479;25.7637595;182.9;93.0;1.82011;8.0;2.4612393;-10.649409;0.02873042
2020-03-04 19:00:57;62.23744377;25.76362267;214.4;103.0;1.8638669;7.0;1.1492168;-8.504205;1.0630256
2020-03-04 19:00:58;62.23741379;25.7635245;229.4;106.0;0.83150464;9.0;0.7661445;-9.854534;-0.4213795
2020-03-04 19:01:00;62.2373811;25.76355101;194.3;105.0;1.7223531;7.0;3.9456444;-12.363658;1.043872
2020-03-04 19:01:02;62.23735119;25.7635346;194.3;105.0;1.7204651;9.0;-2.2505496;-5.3821654;0.81402856
2020-03-04 19:01:02;62.23735119;25.7635346;194.3;105.0;1.7204651;9.0;-0.30645782;-18.990808;-4.596867
2020-03-04 19:01:03;62.23735119;25.7635346;194.3;105.0;1.7204651;9.0;-2.9975405;-6.9527617;6.943185
2020-03-04 19:01:03;62.23735119;25.7635346;194.3;105.0;1.7204651;9.0;3.9456444;-14.259866;0.10534488
2020-03-04 19:01:04;62.23734942;25.76354566;194.3;103.0;1.3405969;11.0;-0.80445176;-3.6391866;2.719813
2020-03-04 19:01:04;62.23734942;25.76354566;194.3;103.0;1.3405969;11.0;0.19153613;-8.590396;3.1603463
2020-03-04 19:01:06;62.23732331;25.76353219;192.1;103.0;1.49;10.0;-0.80445176;-18.397045;-3.2082303
2020-03-04 19:01:07;62.23732331;25.76353219;192.1;103.0;1.49;10.0;1.3503298;-6.981492;-1.6089035
2020-03-04 19:01:09;62.23727546;25.76354024;197.0;100.0;1.5405194;10.0;1.436521;-13.053187;-4.951209
2020-03-04 19:01:10;62.23722603;25.76355631;195.9;115.0;1.6410972;9.0;1.7717092;-8.647857;-0.41180268
2020-03-04 19:01:11;62.23722603;25.76355631;195.9;115.0;1.6410972;9.0;-0.58418524;-6.9048777;-1.5610195
2020-03-04 19:01:12;62.23719131;25.76355918;197.0;112.0;1.5101324;8.0;8.848969;-20.245369;-3.5338416
2020-03-04 19:01:13;62.23719131;25.76355918;197.0;112.0;1.5101324;8.0;2.7581203;-15.150508;0.8714894
2020-03-04 19:01:15;62.23718341;25.7634698;197.2;108.0;1.3405969;8.0;-0.5554548;-4.098873;3.1028855
2020-03-04 19:01:17;62.23717192;25.76346216;197.2;107.0;1.3403358;8.0;-1.1683705;-16.816874;-2.528277
2020-03-04 19:01:19;62.2371364;25.76341227;200.8;104.0;1.6302761;7.0;0.047884032;-7.9008656;0.90021986
2020-03-04 19:01:24;62.23712264;25.76340112;200.8;104.0;1.6301227;9.0;1.5610195;-9.097966;1.043872
2020-03-04 19:01:24;62.23712264;25.76340112;200.8;104.0;1.6301227;9.0;-2.9496565;-4.5394063;6.1195793
2020-03-04 19:01:25;62.23712264;25.76340112;200.8;104.0;1.6301227;9.0;4.6926355;-11.291056;-1.13964
2020-03-04 19:01:25;62.23712264;25.76340112;200.8;104.0;1.6301227;9.0;-0.49799395;-4.223372;2.815581
2020-03-04 19:01:26;62.23712264;25.76340112;200.8;104.0;1.6301227;9.0;1.1875241;-6.943185;-0.8714894
2020-03-04 19:01:26;62.23712264;25.76340112;200.8;104.0;1.6301227;9.0;-0.08619126;-1.934515;-2.3558946
2020-03-04 19:01:27;62.23712264;25.76340112;200.8;104.0;1.6301227;9.0;-1.2641385;-6.1866174;-1.3120226
2020-03-04 19:01:27;62.23698116;25.7634306;184.5;104.0;1.86;20.0;2.4995465;-15.332468;-4.0892963
2020-03-04 19:01:28;62.23698116;25.7634306;184.5;104.0;1.86;20.0;-3.8307228;-13.369223;10.5440645
2020-03-04 19:01:28;62.23698116;25.7634306;184.5;104.0;1.86;20.0;-0.7565677;-14.451402;0.81402856
2020-03-04 19:01:29;62.23698116;25.7634306;184.5;104.0;1.86;20.0;-5.4204726;-0.7661445;2.930503
2020-03-04 19:01:29;62.23694789;25.7634353;186.8;103.0;1.76;15.0;4.721366;-13.445837;0.2681506
2020-03-04 19:01:30;62.23694789;25.7634353;186.8;103.0;1.76;15.0;-2.1739352;-10.879252;15.610195
2020-03-04 19:01:30;62.23694789;25.7634353;186.8;103.0;1.76;15.0;2.2505496;-7.4603324;-1.3503298
2020-03-04 19:01:31;62.23694789;25.7634353;186.8;103.0;1.76;15.0;-0.90979666;-1.4460979;-2.183512
2020-03-04 19:01:31;62.23697041;25.76336934;215.7;100.0;1.220041;12.0;4.0222588;-10.160992;0.49799395
2020-03-04 19:01:32;62.23697041;25.76336934;215.7;100.0;1.220041;12.0;1.8195933;-9.691729;0.9672575
2020-03-04 19:01:34;62.23693803;25.76334202;204.9;98.0;1.15;9.0;0.30645782;-4.31914;-2.6910827
2020-03-04 19:01:36;62.23689685;25.7632924;204.1;97.0;1.53;7.0;3.169923;-14.259866;-0.8810662
2020-03-04 19:01:43;62.23688433;25.76328036;204.1;97.0;1.53;8.0;1.292869;-6.981492;0.4213795
2020-03-04 19:01:45;62.23686117;25.76311106;218.2;96.0;1.27;7.0;-1.6950948;-17.391481;-2.7581203
2020-03-04 19:01:45;62.23686117;25.76311106;218.2;96.0;1.27;7.0;-0.35434186;-3.3614593;0.63206923
2020-03-04 19:01:46;62.23685214;25.76309585;218.2;96.0;1.27;8.0;-2.4708161;-4.6351743;0.9959879
2020-03-04 19:01:46;62.23685214;25.76309585;218.2;96.0;1.27;8.0;-0.15322891;-5.5258174;-2.8060043
2020-03-04 19:01:48;62.23685214;25.76309585;218.2;96.0;1.27;8.0;1.7812861;-7.52737;-1.5801731
2020-03-04 19:01:50;62.23685214;25.76309585;218.2;96.0;1.27;8.0;-2.585738;1.6280571;2.7868507
2020-03-04 19:01:51;62.23685214;25.76309585;218.2;96.0;1.27;8.0;0.7757214;-5.2959743;-2.1260512
2020-03-04 19:01:52;62.23685214;25.76309585;218.2;96.0;1.27;8.0;-0.545878;-19.067423;-5.439626
2020-03-04 19:01:54;62.23685214;25.76309585;218.2;96.0;1.27;8.0;-0.842759;-13.464991;0.5650316
2020-03-04 19:01:56;62.23685214;25.76309585;218.2;96.0;1.27;8.0;-1.4556746;-5.8226986;0.4309563
2020-03-04 19:01:58;62.23685214;25.76309585;218.2;96.0;1.27;8.0;-1.0534488;-7.9104424;7.4603324
2020-03-04 19:01:59;62.23685214;25.76309585;218.2;96.0;1.27;8.0;-0.25857377;-9.758766;-3.2273839
2020-03-04 19:02:00;62.23685214;25.76309585;218.2;96.0;1.27;8.0;1.7812861;-7.603985;0.17238252
2020-03-04 19:02:00;62.23685214;25.76309585;218.2;96.0;1.27;8.0;0.92895025;-18.53112;-4.4340615
2020-03-04 19:02:01;62.23685214;25.76309585;218.2;96.0;1.27;8.0;2.7581203;-9.959879;0.7565677
2020-03-04 19:02:02;62.23685214;25.76309585;218.2;96.0;1.27;8.0;-0.11492168;-12.717999;0.19153613
2020-03-04 19:02:04;62.23685214;25.76309585;218.2;96.0;1.27;8.0;0.90979666;-7.9487495;-1.4460979
2020-03-04 19:02:06;62.23685214;25.76309585;218.2;96.0;1.27;8.0;-1.7621324;-14.939818;12.631808
2020-03-04 19:02:08;62.23685214;25.76309585;218.2;96.0;1.27;8.0;0.89064306;-5.8322754;-1.7238252
2020-03-04 19:02:10;62.23685214;25.76309585;218.2;96.0;1.27;8.0;0.9576807;-14.231135;0.7565677
2020-03-04 19:02:12;62.23685214;25.76309585;218.2;96.0;1.27;8.0;-0.35434186;-7.144298;-1.4652514
2020-03-04 19:02:14;62.23685214;25.76309585;218.2;96.0;1.27;8.0;-2.6719291;-8.504205;7.326257
2020-03-04 19:02:16;62.23685214;25.76309585;218.2;96.0;1.27;8.0;1.9728222;-7.4603324;-1.1779473
2020-03-04 19:02:18;62.23685214;25.76309585;218.2;96.0;1.27;8.0;3.2752678;-10.247183;-0.39264908
2020-03-04 19:02:20;62.23685214;25.76309585;218.2;96.0;1.27;8.0;0.641646;-9.356541;1.6089035
2020-03-04 19:02:22;62.23685214;25.76309585;218.2;96.0;1.27;8.0;-2.5378537;-12.066776;2.7581203
2020-03-04 19:02:24;62.23685214;25.76309585;218.2;96.0;1.27;8.0;-1.2449849;-1.9536686;-1.3024458
2020-03-04 19:02:26;62.23685214;25.76309585;218.2;96.0;1.27;8.0;7.3071036;-15.456966;1.1492168
2020-03-04 19:02:28;62.23685214;25.76309585;218.2;96.0;1.27;8.0;2.384625;-7.651869;-1.1587936
2020-03-04 19:02:28;62.23685214;25.76309585;218.2;96.0;1.27;8.0;2.681506;-11.57836;-0.46926352
2020-03-04 19:02:29;62.23685214;25.76309585;218.2;96.0;1.27;8.0;-4.4436383;-15.093047;12.401965
2020-03-04 19:02:29;62.23685214;25.76309585;218.2;96.0;1.27;8.0;1.340753;-7.795521;1.2162545
2020-03-04 19:02:30;62.23685214;25.76309585;218.2;96.0;1.27;8.0;-0.49799395;-3.6774938;1.8579005
2020-03-04 19:02:30;62.23685214;25.76309585;218.2;96.0;1.27;8.0;1.2449849;-8.619126;1.043872
2020-03-04 19:02:31;62.23685214;25.76309585;218.2;96.0;1.27;8.0;0.45010993;-6.1866174;-2.767697
2020-03-04 19:02:31;62.23685214;25.76309585;218.2;96.0;1.27;8.0;-2.336741;-5.90889;3.1890767
2020-03-04 19:02:32;62.23685214;25.76309585;218.2;96.0;1.27;8.0;1.4556746;-17.448942;-3.9360676
2020-03-04 19:02:32;62.23685214;25.76309585;218.2;96.0;1.27;8.0;-1.4269443;-1.8387469;-10.486604
2020-03-04 19:02:33;62.23685214;25.76309585;218.2;96.0;1.27;8.0;5.650316;-11.769896;-0.6991069
2020-03-04 19:02:33;62.23685214;25.76309585;218.2;96.0;1.27;8.0;-1.388637;-2.4420857;-0.9768343
2020-03-04 19:02:34;62.23685214;25.76309585;218.2;96.0;1.27;8.0;1.5514427;-7.479486;-0.20111294
2020-03-04 19:02:34;62.23685214;25.76309585;218.2;96.0;1.27;8.0;-1.0630256;-2.7485435;-0.59376204
2020-03-04 19:02:35;62.23685214;25.76309585;218.2;96.0;1.27;8.0;1.6089035;-6.83784;-1.1779473
2020-03-04 19:02:35;62.23685214;25.76309585;218.2;96.0;1.27;8.0;1.2162545;-9.768343;0.6991069
2020-03-04 19:02:36;62.23685214;25.76309585;218.2;96.0;1.27;8.0;2.4612393;-11.626244;-0.91937345
2020-03-04 19:02:36;62.23685214;25.76309585;218.2;96.0;1.27;8.0;0.37349546;-8.159439;-1.5035586
2020-03-04 19:02:37;62.23685214;25.76309585;218.2;96.0;1.27;8.0;-5.449203;-10.275913;8.772355
2020-03-04 19:02:37;62.23685214;25.76309585;218.2;96.0;1.27;8.0;4.31914;-11.463438;-2.9592333
2020-03-04 19:02:39;62.23685214;25.76309585;218.2;96.0;1.27;8.0;-1.3311762;-2.135628;-0.31603462
2020-03-04 19:02:41;62.23685214;25.76309585;218.2;96.0;1.27;8.0;0.45010993;-12.392388;-1.0726024
2020-03-04 19:02:43;62.23685214;25.76309585;218.2;96.0;1.27;8.0;-0.5746084;-7.2687964;-1.3790601
2020-03-04 19:02:45;62.23685214;25.76309585;218.2;96.0;1.27;8.0;-3.2848446;-12.172121;12.957419
2020-03-04 19:02:47;62.23685214;25.76309585;218.2;96.0;1.27;8.0;-0.7374141;-16.788143;-5.707777
2020-03-04 19:02:49;62.23685214;25.76309585;218.2;96.0;1.27;8.0;1.5131354;-8.532935;-0.7565677
2020-03-04 19:02:51;62.23685214;25.76309585;218.2;96.0;1.27;8.0;3.8977604;-15.619772;-3.6583402
2020-03-04 19:02:53;62.23685214;25.76309585;218.2;96.0;1.27;8.0;-4.9224787;-12.095507;13.800179
2020-03-04 19:02:55;62.23685214;25.76309585;218.2;96.0;1.27;8.0;-0.60333884;-19.393034;-4.012682
2020-03-04 19:02:57;62.23685214;25.76309585;218.2;96.0;1.27;8.0;1.1971009;-8.331821;-0.5746084
2020-03-04 19:02:59;62.23685214;25.76309585;218.2;96.0;1.27;8.0;0.2873042;-16.567875;5.2863975
2020-03-04 19:03:01;62.23685214;25.76309585;218.2;96.0;1.27;8.0;1.0055647;-6.033388;-3.3135753
2020-03-04 19:03:03;62.23685214;25.76309585;218.2;96.0;1.27;8.0;5.6982;-13.579912;0.8810662
2020-03-04 19:03:05;62.23685214;25.76309585;218.2;96.0;1.27;8.0;-1.5514427;-6.129156;1.8291701
2020-03-04 19:03:06;62.23685214;25.76309585;218.2;96.0;1.27;8.0;-3.1603463;-14.279019;10.888829
2020-03-04 19:03:08;62.23685214;25.76309585;218.2;96.0;1.27;8.0;-0.8714894;-2.3558946;-0.5363012
2020-03-04 19:03:10;62.23685214;25.76309585;218.2;96.0;1.27;8.0;-0.25857377;-1.5610195;-3.466804
2020-03-04 19:03:12;62.23685214;25.76309585;218.2;96.0;1.27;8.0;7.335834;-16.49126;1.043872
2020-03-04 19:03:14;62.23685214;25.76309585;218.2;96.0;1.27;8.0;-0.1436521;-8.437167;1.4939818
2020-03-04 19:03:16;62.23685214;25.76309585;218.2;96.0;1.27;8.0;3.8786068;-15.389929;-5.66947
2020-03-04 19:03:18;62.23685214;25.76309585;218.2;96.0;1.27;8.0;0.1436521;-1.9057846;-2.4133554
2020-03-04 19:03:20;62.23685214;25.76309585;218.2;96.0;1.27;8.0;7.881712;-16.002844;1.4748282
2020-03-04 19:03:22;62.23685214;25.76309585;218.2;96.0;1.27;8.0;0.89064306;-6.4164605;0.19153613
2020-03-04 19:03:24;62.23685214;25.76309585;218.2;96.0;1.27;8.0;-3.7828386;-22.773647;7.345411
2020-03-04 19:03:26;62.23685214;25.76309585;218.2;96.0;1.27;8.0;0.25857377;-3.5338416;-3.169923
2020-03-04 19:03:28;62.23685214;25.76309585;218.2;96.0;1.27;8.0;0.59376204;-12.497733;-0.6703765
2020-03-04 19:03:30;62.23685214;25.76309585;218.2;96.0;1.27;8.0;0.92895025;-9.481039;2.2697031
2020-03-04 19:03:32;62.23685214;25.76309585;218.2;96.0;1.27;8.0;8.082825;-21.41374;-2.8921957
2020-03-04 19:03:32;62.23685214;25.76309585;218.2;96.0;1.27;8.0;0.7469909;-7.422025;0.4405331
2020-03-04 19:03:33;62.23685214;25.76309585;218.2;96.0;1.27;8.0;-0.93852705;-13.129802;-1.4652514
2020-03-04 19:03:33;62.23685214;25.76309585;218.2;96.0;1.27;8.0;2.4420857;-7.4986396;-0.8714894
2020-03-04 19:03:34;62.23685214;25.76309585;218.2;96.0;1.27;8.0;0.25857377;-10.7356;0.5267244
2020-03-04 19:03:34;62.23685214;25.76309585;218.2;96.0;1.27;8.0;6.8665705;-22.141577;-5.985504
2020-03-04 19:03:35;62.23685214;25.76309585;218.2;96.0;1.27;8.0;9.097966;-16.548721;1.0534488
2020-03-04 19:03:35;62.23685214;25.76309585;218.2;96.0;1.27;8.0;-2.815581;-8.197746;7.1347213
2020-03-04 19:03:36;62.23685214;25.76309585;218.2;96.0;1.27;8.0;0.8810662;-9.222465;2.1260512
2020-03-04 19:03:36;62.23685214;25.76309585;218.2;96.0;1.27;8.0;-0.6512229;-8.37013;2.2026656
2020-03-04 19:03:37;62.23685214;25.76309585;218.2;96.0;1.27;8.0;-0.35434186;-7.824251;-0.11492168
2020-03-04 19:03:37;62.23685214;25.76309585;218.2;96.0;1.27;8.0;-0.8523358;-9.279925;-0.076614454
2020-03-04 19:03:38;62.23685214;25.76309585;218.2;96.0;1.27;8.0;-0.45968673;-9.931149;0.45010993
2020-03-04 19:03:38;62.23685214;25.76309585;218.2;96.0;1.27;8.0;0.08619126;-9.80665;0.39264908
2020-03-04 19:03:39;62.23685214;25.76309585;218.2;96.0;1.27;8.0;0.08619126;-10.065224;-0.22984336
2020-03-04 19:03:39;62.23685214;25.76309585;218.2;96.0;1.27;8.0;0.05746084;-10.649409;-0.095768064
2020-03-04 19:03:40;62.23685214;25.76309585;218.2;96.0;1.27;8.0;0.91937345;-9.519346;0.5267244
2020-03-04 19:03:40;62.23685214;25.76309585;218.2;96.0;1.27;8.0;0.22984336;-10.0269165;-0.47884035
2020-03-04 19:03:41;62.23565837;25.76106284;0.0;34.0;0.29;4.0;-0.7182605;-8.475474;-2.8060043
2020-03-04 19:03:41;62.23565837;25.76106284;0.0;34.0;0.29;4.0;-0.39264908;-11.051635;-0.92895025
2020-03-04 19:03:42;62.2356719;25.76104988;218.5;34.0;0.35735136;4.0;4.0222588;-8.1402855;0.5746084
2020-03-04 19:03:42;62.2356719;25.76104988;218.5;34.0;0.35735136;4.0;7.441179;-8.456321;-7.345411
2020-03-04 19:03:43;62.2356719;25.76104988;218.5;34.0;0.35735136;4.0;0.94810385;-6.2249246;6.081272
2020-03-04 19:03:44;62.2356719;25.76104988;218.5;34.0;0.35735136;4.0;0.93852705;3.7828386;8.101978
2020-03-04 19:03:44;62.23582187;25.76103197;243.6;70.0;1.208801;8.0;0.36391866;1.2162545;10.601525
2020-03-04 19:03:45;62.23582187;25.76103197;243.6;70.0;1.208801;8.0;0.047884032;1.0821792;9.873688
2020-03-04 19:03:45;62.23582187;25.76103197;243.6;70.0;1.208801;8.0;-0.40222588;0.4405331;10.582372
2020-03-04 19:03:46;62.23582187;25.76103197;243.6;70.0;1.208801;8.0;-0.7469909;1.5801731;10.381259
2020-03-04 19:03:46;62.23582187;25.76103197;243.6;70.0;1.208801;8.0;-0.93852705;1.8962077;9.404425
2020-03-04 19:03:47;62.23582187;25.76103197;243.6;70.0;1.208801;8.0;-0.79487497;1.6950948;9.998186
2020-03-04 19:03:47;62.23566333;25.76112235;0.0;39.0;0.0;9.0;-0.82360536;1.6184803;9.988609
2020-03-04 19:03:48;62.23566333;25.76112235;0.0;39.0;0.0;9.0;-1.0055647;1.733402;10.141838
2020-03-04 19:03:48;62.23566332;25.76112235;0.0;39.0;0.0;9.0;-0.92895025;1.436521;9.921572
2020-03-04 19:03:49;62.23566332;25.76112235;0.0;39.0;0.0;9.0;-0.8810662;1.6376339;10.036493
2020-03-04 19:03:49;62.23566332;25.76112235;0.0;39.0;0.0;9.0;-0.8810662;1.5514427;10.113108
